Workbook
Name LechGioMayVsDB: ThamSo!$B$4
Name NguongCursorNgay: ThamSo!$B$7
Name NguongDoanhThuRatCao: ThamSo!$B$10
Name NguongDoanhThuTot: ThamSo!$B$11
Name NguongViewNgay: ThamSo!$B$8
Name PhatMatThe: ThamSo!$B$9
Name PhutMienPhi: ThamSo!$B$5
Name PhutMoiBlock: ThamSo!$B$6
Name ThoiDiemNap: ThamSo!$B$2
Name ThoiDiemTinh: ThamSo!$B$3

Sheet HuongDan
A1: DỮ LIỆU MẪU QuanLyBaiDoXe — FILE NGUỒN CHUẨN (MASTER)
A2: File này là nguồn chuẩn của dữ liệu mẫu
A3: Sửa dữ liệu ở đây (không sửa tay file SQL), lưu bằng Excel/LibreOffice để có giá trị đã tính, rồi sinh lại seed.
A5: Màu header
A6: • Xanh đậm = cột DB nhập tay (chữ xanh dương). • Xanh nhạt = cột nhập phụ, không phải cột DB (mốc thời gian, mật khẩu mẫu, STT…).
A7: • Cam = cột DB DẪN XUẤT bằng công thức — không nhập tay; seed ghi giá trị tính được. • Xanh lá = cột phụ / cờ kiểm tra KT_*.
A8: • Rê chuột vào header để xem kiểu SQL, ràng buộc và đối tượng SQL tương ứng.
A10: Ràng buộc
A11: • Data Validation chặn khi nhập: danh sách trạng thái, khóa ngoại (chọn từ sheet cha), độ dài theo VARCHAR(n), số dương.
A12: • Cờ KT_* kiểm tra cả dữ liệu đã có: PK, UNIQUE, FK, CHECK, định dạng mã, quy tắc nghiệp vụ. Tổng hợp ở sheet KiemTra — phải ĐẠT hết trước khi sinh seed.
A13: • Sheet LechLogicDB liệt kê các quy tắc của file này mà code/DB hiện chưa thực thi (chưa sửa, chỉ ghi nhận).
A15: Thời gian
... A23: • Vé ALL gửi được mọi bãi; vé gắn bãi chỉ gửi tại bãi đó; thẻ lượt chỉ dùng tại bãi phát hành.

Sheet ThamSo
A1: Tham số | B1: Giá trị | C1: Nguồn logic (SQL) | D1: Ghi chú
A2: ThoiDiemNap | B2: 46296.451 | C2: GETDATE() khi chạy seed | D2: Gốc của các mốc thời gian tương đối (lượt đang đỗ, vé V0007). Khi sinh SQL, các dòng tương đối được viết thành DATEADD(..., GETDATE()). Giờ theo SQL Server (container Docker chạy UTC).
A3: ThoiDiemTinh | B3: =ThoiDiemNap -> 46296.451 | C3: GETDATE() khi truy vấn | D3: Thời điểm đánh giá công thức phụ thuộc thời gian (tiền tạm tính xe đang đỗ, số ngày còn lại của vé). Mặc định = ThoiDiemNap; nhập ngày giờ khác để mô phỏng, hoặc =NOW()-LechGioMayVsDB/24.
A4: LechGioMayVsDB | B4: 7 | C4: Múi giờ | D4: Giờ máy mở file trừ giờ SQL Server (Việt Nam UTC+7, SQL Server trong Docker UTC).
A5: PhutMienPhi | B5: 15 | C5: f_TinhTienGuiXe | D5: Đỗ <= 15 phút miễn phí.
A6: PhutMoiBlock | B6: 60 | C6: f_TinhTienGuiXe | D6: Làm tròn lên block: CEILING(SoPhut / 60).
A7: NguongCursorNgay | B7: 3 | C7: sp_DemoCanhBaoHanTheThang | D7: Còn <= 3 ngày: cảnh báo nhắc nộp phí.
A8: NguongViewNgay | B8: 7 | C8: vw_Report_VeThangSapHetHan | D8: View liệt kê vé còn <= 7 ngày (gồm vé đã quá hạn).
A9: PhatMatThe | B9: 50000 | C9: trg_LogLichSuSuCo / sp_BaoMatThe | D9: Phí phạt đền bù thẻ vật lý khi báo mất.
A10: NguongDoanhThuRatCao | B10: 10000000 | C10: sp_DemoTongKetDoanhThuChuoi | D10: Tổng doanh thu >= ngưỡng: 'Hiệu quả rất cao'.
A11: NguongDoanhThuTot | B11: 2000000 | C11: sp_DemoTongKetDoanhThuChuoi | D11: Tổng doanh thu >= ngưỡng: 'Hiệu quả tốt'.

Sheet KiemTra
A1: Sheet | B1: Quy tắc | C1: Ràng buộc / đối tượng SQL | D1: Số dòng LỆCH | E1: Kết quả
A2: BAI_DO_XE | B2: KT_PK | C2: PK_BAI_DO_XE. | D2: =COUNTIF(BAI_DO_XE!$M$2:$M$1000,"LỆCH") -> 0 | E2: =IF(D2=0,"ĐẠT","LỆCH") -> ĐẠT
A3: BAI_DO_XE | B3: KT_TenBaiDuyNhat | C3: UQ_TenBai. | D3: =COUNTIF(BAI_DO_XE!$N$2:$N$1000,"LỆCH") -> 0 | E3: =IF(D3=0,"ĐẠT","LỆCH") -> ĐẠT
A4: BAI_DO_XE | B4: KT_DinhDangMa | C4: Mã bãi dạng BAI_xx. | D4: =COUNTIF(BAI_DO_XE!$O$2:$O$1000,"LỆCH") -> 0 | E4: =IF(D4=0,"ĐẠT","LỆCH") -> ĐẠT
A5: BAI_DO_XE | B5: KT_SucChuaDuong | C5: CK_SucChua: SucChua > 0 (bãi phải có ô đỗ). | D5: =COUNTIF(BAI_DO_XE!$P$2:$P$1000,"LỆCH") -> 0 | E5: =IF(D5=0,"ĐẠT","LỆCH") -> ĐẠT
A6: BAI_DO_XE | B6: KT_KhongVuotSucChua | C6: CK_SoLuongHienTai. | D6: =COUNTIF(BAI_DO_XE!$Q$2:$Q$1000,"LỆCH") -> 0 | E6: =IF(D6=0,"ĐẠT","LỆCH") -> ĐẠT
A7: NHAN_VIEN | B7: KT_PK | C7: PK_NHAN_VIEN. | D7: =COUNTIF(NHAN_VIEN!$I$2:$I$1000,"LỆCH") -> 0 | E7: =IF(D7=0,"ĐẠT","LỆCH") -> ĐẠT
A8: NHAN_VIEN | B8: KT_DinhDangMa | C8: Mã NV###. | D8: =COUNTIF(NHAN_VIEN!$J$2:$J$1000,"LỆCH") -> 0 | E8: =IF(D8=0,"ĐẠT","LỆCH") -> ĐẠT
A9: NHAN_VIEN | B9: KT_SDTDuyNhat | C9: UQ_NhanVien_SDT. | D9: =COUNTIF(NHAN_VIEN!$K$2:$K$1000,"LỆCH") -> 0 | E9: =IF(D9=0,"ĐẠT","LỆCH") -> ĐẠT
A10: NHAN_VIEN | B10: KT_EmailDuyNhat | C10: UQ_NhanVien_Email. | D10: =COUNTIF(NHAN_VIEN!$L$2:$L$1000,"LỆCH") -> 0 | E10: =IF(D10=0,"ĐẠT","LỆCH") -> ĐẠT
A11: NHAN_VIEN | B11: KT_FK_MaBai | C11: FK_NhanVien_BaiDoXe. | D11: =COUNTIF(NHAN_VIEN!$M$2:$M$1000,"LỆCH") -> 0 | E11: =IF(D11=0,"ĐẠT","LỆCH") -> ĐẠT
A12: NHAN_VIEN | B12: KT_PhamViTheoChucVu | C12: Giám đốc phụ trách toàn chuỗi (MaBai trống); Quản lý bãi / Bảo vệ phải gắn một bãi. | D12: =COUNTIF(NHAN_VIEN!$N$2:$N$1000,"LỆCH") -> 0 | E12: =IF(D12=0,"ĐẠT","LỆCH") -> ĐẠT
A13: TAI_KHOAN | B13: KT_PK | C13: PK_TAI_KHOAN. | D13: =COUNTIF(TAI_KHOAN!$I$2:$I$1000,"LỆCH") -> 0 | E13: =IF(D13=0,"ĐẠT","LỆCH") -> ĐẠT
A14: TAI_KHOAN | B14: KT_FK_MaNV | C14: FK_TaiKhoan_NhanVien. | D14: =COUNTIF(TAI_KHOAN!$J$2:$J$1000,"LỆCH") -> 0 | E14: =IF(D14=0,"ĐẠT","LỆCH") -> ĐẠT
A15: TAI_KHOAN | B15: KT_DoDaiHash | C15: SHA-256 hex 64 ký tự. | D15: =COUNTIF(TAI_KHOAN!$K$2:$K$1000,"LỆCH") -> 0 | E15: =IF(D15=0,"ĐẠT","LỆCH") -> ĐẠT
A16: LOAI_XE | B16: KT_PK | C16: PK_LOAI_XE (MaLoaiXe, MaBai). | D16: =COUNTIF(LOAI_XE!$I$2:$I$1000,"LỆCH") -> 0 | E16: =IF(D16=0,"ĐẠT","LỆCH") -> ĐẠT
A17: LOAI_XE | B17: KT_FK_MaBai | C17: FK_LoaiXe_BaiDoXe. | D17: =COUNTIF(LOAI_XE!$J$2:$J$1000,"LỆCH") -> 0 | E17: =IF(D17=0,"ĐẠT","LỆCH") -> ĐẠT
A18: LOAI_XE | B18: KT_GiaDuong | C18: CK_DonGiaGio, CK_GiaVeThang. | D18: =COUNTIF(LOAI_XE!$K$2:$K$1000,"LỆCH") -> 0 | E18: =IF(D18=0,"ĐẠT","LỆCH") -> ĐẠT
A19: VI_TRI_DO | B19: KT_PK | C19: PK_VI_TRI_DO. | D19: =COUNTIF(VI_TRI_DO!$G$2:$G$1000,"LỆCH") -> 0 | E19: =IF(D19=0,"ĐẠT","LỆCH") -> ĐẠT
A20: VI_TRI_DO | B20: KT_DinhDangMa | C20: Mã ô = <mã bãi bỏ 'BAI_'>_<MaLoaiXe>_<số>. | D20: =COUNTIF(VI_TRI_DO!$H$2:$H$1000,"LỆCH") -> 0 | E20: =IF(D20=0,"ĐẠT","LỆCH") -> ĐẠT
A21: VI_TRI_DO | B21: KT_FK_LoaiXeTaiBai | C21: FK_ViTriDo_LoaiXe. | D21: =COUNTIF(VI_TRI_DO!$I$2:$I$1000,"LỆCH") -> 0 | E21: =IF(D21=0,"ĐẠT","LỆCH") -> ĐẠT
A22: VI_TRI_DO | B22: KT_DoDaiKhuVuc | C22: KhuVuc NVARCHAR(20). | D22: =COUNTIF(VI_TRI_DO!$J$2:$J$1000,"LỆCH") -> 0 | E22: =IF(D22=0,"ĐẠT","LỆCH") -> ĐẠT
A23: VI_TRI_DO | B23: KT_MotXeMotO | C23: Một ô chỉ chứa tối đa 1 xe đang đỗ. | D23: =COUNTIF(VI_TRI_DO!$K$2:$K$1000,"LỆCH") -> 0 | E23: =IF(D23=0,"ĐẠT","LỆCH") -> ĐẠT
A24: THE_XE | B24: KT_PK | C24: PK_THE_XE. | D24: =COUNTIF(THE_XE!$N$2:$N$1000,"LỆCH") -> 0 | E24: =IF(D24=0,"ĐẠT","LỆCH") -> ĐẠT
A25: THE_XE | B25: KT_DinhDangMa | C25: Mã THE####. | D25: =COUNTIF(THE_XE!$O$2:$O$1000,"LỆCH") -> 0 | E25: =IF(D25=0,"ĐẠT","LỆCH") -> ĐẠT
A26: THE_XE | B26: KT_FK_MaBai | C26: FK_TheXe_BaiDoXe. | D26: =COUNTIF(THE_XE!$P$2:$P$1000,"LỆCH") -> 0 | E26: =IF(D26=0,"ĐẠT","LỆCH") -> ĐẠT
A27: THE_XE | B27: KT_TheThangCoVe | C27: Thẻ loại Tháng phải gắn một vé tháng. | D27: =COUNTIF(THE_XE!$Q$2:$Q$1000,"LỆCH") -> 0 | E27: =IF(D27=0,"ĐẠT","LỆCH") -> ĐẠT
A28: THE_XE | B28: KT_MotLuotMo | C28: Mỗi thẻ tối đa 1 lượt đang mở. | D28: =COUNTIF(THE_XE!$R$2:$R$1000,"LỆCH") -> 0 | E28: =IF(D28=0,"ĐẠT","LỆCH") -> ĐẠT
A29: THE_XE | B29: KT_TheHongKhongDangDo | C29: Thẻ khóa/mất không có lượt đang mở. | D29: =COUNTIF(THE_XE!$S$2:$S$1000,"LỆCH") -> 0 | E29: =IF(D29=0,"ĐẠT","LỆCH") -> ĐẠT
A30: KHACH_HANG | B30: KT_PK | C30: PK_KHACH_HANG. | D30: =COUNTIF(KHACH_HANG!$G$2:$G$1000,"LỆCH") -> 0 | E30: =IF(D30=0,"ĐẠT","LỆCH") -> ĐẠT
A31: KHACH_HANG | B31: KT_DinhDangMa | C31: Mã KH####. | D31: =COUNTIF(KHACH_HANG!$H$2:$H$1000,"LỆCH") -> 0 | E31: =IF(D31=0,"ĐẠT","LỆCH") -> ĐẠT
A32: KHACH_HANG | B32: KT_SDTDuyNhat | C32: UQ_KhachHang_SDT. | D32: =COUNTIF(KHACH_HANG!$I$2:$I$1000,"LỆCH") -> 0 | E32: =IF(D32=0,"ĐẠT","LỆCH") -> ĐẠT
A33: KHACH_HANG | B33: KT_EmailDuyNhat | C33: UQ_KhachHang_Email. | D33: =COUNTIF(KHACH_HANG!$J$2:$J$1000,"LỆCH") -> 0 | E33: =IF(D33=0,"ĐẠT","LỆCH") -> ĐẠT
A34: KHACH_HANG | B34: KT_CCCDDuyNhat | C34: UQ_KhachHang_CMND. | D34: =COUNTIF(KHACH_HANG!$K$2:$K$1000,"LỆCH") -> 0 | E34: =IF(D34=0,"ĐẠT","LỆCH") -> ĐẠT
A35: KHACH_HANG | B35: KT_CCCD12So | C35: CCCD 12 chữ số. | D35: =COUNTIF(KHACH_HANG!$L$2:$L$1000,"LỆCH") -> 0 | E35: =IF(D35=0,"ĐẠT","LỆCH") -> ĐẠT
A36: VE_THANG | B36: KT_PK | C36: PK_VE_THANG. | D36: =COUNTIF(VE_THANG!$R$2:$R$1000,"LỆCH") -> 0 | E36: =IF(D36=0,"ĐẠT","LỆCH") -> ĐẠT
A37: VE_THANG | B37: KT_DinhDangMa | C37: Mã V####. | D37: =COUNTIF(VE_THANG!$S$2:$S$1000,"LỆCH") -> 0 | E37: =IF(D37=0,"ĐẠT","LỆCH") -> ĐẠT
A38: VE_THANG | B38: KT_MaTheDuyNhat | C38: UQ_VeThang_MaThe. | D38: =COUNTIF(VE_THANG!$T$2:$T$1000,"LỆCH") -> 0 | E38: =IF(D38=0,"ĐẠT","LỆCH") -> ĐẠT
A39: VE_THANG | B39: KT_FK | C39: FK_VeThang_TheXe, FK_VeThang_KhachHang. | D39: =COUNTIF(VE_THANG!$U$2:$U$1000,"LỆCH") -> 0 | E39: =IF(D39=0,"ĐẠT","LỆCH") -> ĐẠT
A40: VE_THANG | B40: KT_TheLoaiThang | C40: Vé gắn thẻ loại Tháng. | D40: =COUNTIF(VE_THANG!$V$2:$V$1000,"LỆCH") -> 0 | E40: =IF(D40=0,"ĐẠT","LỆCH") -> ĐẠT
A41: VE_THANG | B41: KT_TheCungBai | C41: Thẻ thuộc bãi áp dụng (trừ vé ALL). | D41: =COUNTIF(VE_THANG!$W$2:$W$1000,"LỆCH") -> 0 | E41: =IF(D41=0,"ĐẠT","LỆCH") -> ĐẠT
A42: VE_THANG | B42: KT_LoaiXeTaiBai | C42: trg_KiemTraLoaiXe_VeThang. | D42: =COUNTIF(VE_THANG!$X$2:$X$1000,"LỆCH") -> 0 | E42: =IF(D42=0,"ĐẠT","LỆCH") -> ĐẠT
A43: VE_THANG | B43: KT_CoHoaDon | C43: Mỗi vé phải có ít nhất một hóa đơn đăng ký. | D43: =COUNTIF(VE_THANG!$Y$2:$Y$1000,"LỆCH") -> 0 | E43: =IF(D43=0,"ĐẠT","LỆCH") -> ĐẠT
A44: VE_THANG | B44: KT_HanHopLe | C44: CK_VeThang_Han. | D44: =COUNTIF(VE_THANG!$Z$2:$Z$1000,"LỆCH") -> 0 | E44: =IF(D44=0,"ĐẠT","LỆCH") -> ĐẠT
A45: VE_THANG | B45: KT_QuaHanLaHetHan | C45: Vé đã quá hạn (tại ThoiDiemTinh) phải ở trạng thái 'Hết hạn' (cursor sp_DemoCanhBaoHanTheThang). | D45: =COUNTIF(VE_THANG!$AA$2:$AA$1000,"LỆCH") -> 0 | E45: =IF(D45=0,"ĐẠT","LỆCH") -> ĐẠT
A46: HOA_DON_VE_THANG | B46: KT_PK | C46: PK_HOA_DON_VE_THANG. | D46: =COUNTIF(HOA_DON_VE_THANG!$P$2:$P$1000,"LỆCH") -> 0 | E46: =IF(D46=0,"ĐẠT","LỆCH") -> ĐẠT
A47: HOA_DON_VE_THANG | B47: KT_FK | C47: FK_HoaDon_VeThang, FK_HoaDon_BaiDoXe. | D47: =COUNTIF(HOA_DON_VE_THANG!$Q$2:$Q$1000,"LỆCH") -> 0 | E47: =IF(D47=0,"ĐẠT","LỆCH") -> ĐẠT
A48: HOA_DON_VE_THANG | B48: KT_SoThangDuong | C48: CK_HoaDon_SoThang, CK_HoaDon_SoTien (biểu phí phải tồn tại). | D48: =COUNTIF(HOA_DON_VE_THANG!$R$2:$R$1000,"LỆCH") -> 0 | E48: =IF(D48=0,"ĐẠT","LỆCH") -> ĐẠT
A49: HOA_DON_VE_THANG | B49: KT_ThuDungBai | C49: Vé gắn một bãi phải thu tiền tại đúng bãi đó. | D49: =COUNTIF(HOA_DON_VE_THANG!$S$2:$S$1000,"LỆCH") -> 0 | E49: =IF(D49=0,"ĐẠT","LỆCH") -> ĐẠT
A50: HOA_DON_VE_THANG | B50: KT_SapXep | C50: Các hóa đơn của cùng một vé xếp liền nhau theo ngày thanh toán (để tính chuỗi hạn). | D50: =COUNTIF(HOA_DON_VE_THANG!$T$2:$T$1000,"LỆCH") -> 0 | E50: =IF(D50=0,"ĐẠT","LỆCH") -> ĐẠT
A51: LUOT_GUI | B51: KT_MaLuotTuTang | C51: IDENTITY: dòng thứ n có MaLuot = n. | D51: =COUNTIF(LUOT_GUI!$V$2:$V$1000,"LỆCH") -> 0 | E51: =IF(D51=0,"ĐẠT","LỆCH") -> ĐẠT
A52: LUOT_GUI | B52: KT_FK | C52: FK_LuotGui_*. | D52: =COUNTIF(LUOT_GUI!$W$2:$W$1000,"LỆCH") -> 0 | E52: =IF(D52=0,"ĐẠT","LỆCH") -> ĐẠT
A53: LUOT_GUI | B53: KT_ODungBai | C53: Ô đỗ thuộc bãi của lượt. | D53: =COUNTIF(LUOT_GUI!$X$2:$X$1000,"LỆCH") -> 0 | E53: =IF(D53=0,"ĐẠT","LỆCH") -> ĐẠT
A54: LUOT_GUI | B54: KT_TheLuotDungBai | C54: Thẻ lượt chỉ dùng tại bãi phát hành. | D54: =COUNTIF(LUOT_GUI!$Y$2:$Y$1000,"LỆCH") -> 0 | E54: =IF(D54=0,"ĐẠT","LỆCH") -> ĐẠT
A55: LUOT_GUI | B55: KT_DungBaiApDung | C55: trg_KiemTraBaiApDungVeThang (50004). | D55: =COUNTIF(LUOT_GUI!$Z$2:$Z$1000,"LỆCH") -> 0 | E55: =IF(D55=0,"ĐẠT","LỆCH") -> ĐẠT
A56: LUOT_GUI | B56: KT_ThoiGian | C56: CK_LuotGui_ThoiGianRa. | D56: =COUNTIF(LUOT_GUI!$AA$2:$AA$1000,"LỆCH") -> 0 | E56: =IF(D56=0,"ĐẠT","LỆCH") -> ĐẠT
A57: LUOT_GUI | B57: KT_LuotMoHopLe | C57: Xe đang đỗ không dùng thẻ khóa/mất hoặc vé 'Hết hạn' (trigger chặn check-in). | D57: =COUNTIF(LUOT_GUI!$AB$2:$AB$1000,"LỆCH") -> 0 | E57: =IF(D57=0,"ĐẠT","LỆCH") -> ĐẠT
A58: LUOT_GUI | B58: KT_BienSoVeThang | C58: Xe tháng gửi đúng biển số đăng ký. | D58: =COUNTIF(LUOT_GUI!$AC$2:$AC$1000,"LỆCH") -> 0 | E58: =IF(D58=0,"ĐẠT","LỆCH") -> ĐẠT
A59: LICHSU_SU_CO | B59: KT_MaSuCoTuTang | C59: IDENTITY. | D59: =COUNTIF(LICHSU_SU_CO!$M$2:$M$1000,"LỆCH") -> 0 | E59: =IF(D59=0,"ĐẠT","LỆCH") -> ĐẠT
A60: LICHSU_SU_CO | B60: KT_FK | C60: FK_SuCo_*. | D60: =COUNTIF(LICHSU_SU_CO!$N$2:$N$1000,"LỆCH") -> 0 | E60: =IF(D60=0,"ĐẠT","LỆCH") -> ĐẠT
A61: LICHSU_SU_CO | B61: KT_TienPhatKhongAm | C61: CK_SuCo_TienPhat. | D61: =COUNTIF(LICHSU_SU_CO!$O$2:$O$1000,"LỆCH") -> 0 | E61: =IF(D61=0,"ĐẠT","LỆCH") -> ĐẠT
A62: LICHSU_SU_CO | B62: KT_TheMatDaKhoa | C62: Thẻ báo mất phải ở trạng thái 'Mất'. | D62: =COUNTIF(LICHSU_SU_CO!$P$2:$P$1000,"LỆCH") -> 0 | E62: =IF(D62=0,"ĐẠT","LỆCH") -> ĐẠT
A63: LICHSU_SU_CO | B63: KT_TheCungBai | C63: Sự cố ghi nhận tại bãi phát hành thẻ. | D63: =COUNTIF(LICHSU_SU_CO!$Q$2:$Q$1000,"LỆCH") -> 0 | E63: =IF(D63=0,"ĐẠT","LỆCH") -> ĐẠT
C65: Tổng số quy tắc LỆCH | D65: =COUNTIF(E2:E63,"LỆCH") -> 0

Sheet BAI_DO_XE
A1: MaBai | B1: TenBai | C1: DiaChi | D1: SucChua | E1: SoLuongHienTai | F1: SoChoTrong | G1: TyLeLapDay | H1: DoanhThuLuot | I1: DoanhThuThang | J1: TongDoanhThu | K1: DanhGiaHieuQua | L1: XepHangDoanhThu | M1: KT_PK | N1: KT_TenBaiDuyNhat | O1: KT_DinhDangMa | P1: KT_SucChuaDuong | Q1: KT_KhongVuotSucChua
A2: BAI_BT | B2: Bãi xe Landmark 81 | C2: Số 208 Nguyễn Hữu Cảnh, Phường 22, Bình Thạnh, TP.HCM | D2: =COUNTIF(VI_TRI_DO!$E$2:$E$1000,A2) -> 12 | E2: =SUMPRODUCT((LUOT_GUI!$H$2:$H$1000=A2)*(LEN(LUOT_GUI!$E$2:$E$1000)=0)) -> 1 | F2: =D2-E2 -> 11 | G2: =IF(D2>0,E2/D2,0) -> 0.083333333 | H2: =SUMIFS(LUOT_GUI!$G$2:$G$1000,LUOT_GUI!$H$2:$H$1000,A2) -> 77000 | I2: =SUMIFS(HOA_DON_VE_THANG!$E$2:$E$1000,HOA_DON_VE_THANG!$F$2:$F$1000,A2) -> 28800000 | J2: =H2+I2 -> 28877000 | K2: =IF(J2>=NguongDoanhThuRatCao,"Hiệu quả rất cao (Doanh thu > 10 triệu)",IF(J2>=NguongDoanhThuTot,"Hiệu quả tốt","Cần đẩy mạnh khai thác thêm lượt gửi")) -> Hiệu quả rất cao (Doanh thu > 10 triệu) | L2: =RANK(J2,$J$2:$J$6,0) -> 1 | M2: =IF(SUMPRODUCT(--(BAI_DO_XE!$A$2:$A$1000=A2))=1,"ĐẠT","LỆCH") -> ĐẠT | N2: =IF(SUMPRODUCT(--(BAI_DO_XE!$B$2:$B$1000=B2))=1,"ĐẠT","LỆCH") -> ĐẠT | O2: =IF(LEFT(A2,4)="BAI_","ĐẠT","LỆCH") -> ĐẠT | P2: =IF(D2>0,"ĐẠT","LỆCH") -> ĐẠT | Q2: =IF(E2<=D2,"ĐẠT","LỆCH") -> ĐẠT
A3: BAI_Q1 | B3: Bãi xe Lê Lai - Bến Thành | C3: Số 26 Lê Lai, Phường Bến Thành, Quận 1, TP.HCM | D3: =COUNTIF(VI_TRI_DO!$E$2:$E$1000,A3) -> 12 | E3: =SUMPRODUCT((LUOT_GUI!$H$2:$H$1000=A3)*(LEN(LUOT_GUI!$E$2:$E$1000)=0)) -> 2 | F3: =D3-E3 -> 10 | G3: =IF(D3>0,E3/D3,0) -> 0.16666667 | H3: =SUMIFS(LUOT_GUI!$G$2:$G$1000,LUOT_GUI!$H$2:$H$1000,A3) -> 174000 | I3: =SUMIFS(HOA_DON_VE_THANG!$E$2:$E$1000,HOA_DON_VE_THANG!$F$2:$F$1000,A3) -> 18360000 | J3: =H3+I3 -> 18534000 | K3: =IF(J3>=NguongDoanhThuRatCao,"Hiệu quả rất cao (Doanh thu > 10 triệu)",IF(J3>=NguongDoanhThuTot,"Hiệu quả tốt","Cần đẩy mạnh khai thác thêm lượt gửi")) -> Hiệu quả rất cao (Doanh thu > 10 triệu) | L3: =RANK(J3,$J$2:$J$6,0) -> 3 | M3: =IF(SUMPRODUCT(--(BAI_DO_XE!$A$2:$A$1000=A3))=1,"ĐẠT","LỆCH") -> ĐẠT | N3: =IF(SUMPRODUCT(--(BAI_DO_XE!$B$2:$B$1000=B3))=1,"ĐẠT","LỆCH") -> ĐẠT | O3: =IF(LEFT(A3,4)="BAI_","ĐẠT","LỆCH") -> ĐẠT | P3: =IF(D3>0,"ĐẠT","LỆCH") -> ĐẠT | Q3: =IF(E3<=D3,"ĐẠT","LỆCH") -> ĐẠT
A4: BAI_Q3 | B4: Bãi xe Hai Bà Trưng | C4: Số 180 Hai Bà Trưng, Phường Đa Kao, Quận 3, TP.HCM | D4: =COUNTIF(VI_TRI_DO!$E$2:$E$1000,A4) -> 10 | E4: =SUMPRODUCT((LUOT_GUI!$H$2:$H$1000=A4)*(LEN(LUOT_GUI!$E$2:$E$1000)=0)) -> 1 | F4: =D4-E4 -> 9 | G4: =IF(D4>0,E4/D4,0) -> 0.1 | H4: =SUMIFS(LUOT_GUI!$G$2:$G$1000,LUOT_GUI!$H$2:$H$1000,A4) -> 15000 | I4: =SUMIFS(HOA_DON_VE_THANG!$E$2:$E$1000,HOA_DON_VE_THANG!$F$2:$F$1000,A4) -> 15150000 | J4: =H4+I4 -> 15165000 | K4: =IF(J4>=NguongDoanhThuRatCao,"Hiệu quả rất cao (Doanh thu > 10 triệu)",IF(J4>=NguongDoanhThuTot,"Hiệu quả tốt","Cần đẩy mạnh khai thác thêm lượt gửi")) -> Hiệu quả rất cao (Doanh thu > 10 triệu) | L4: =RANK(J4,$J$2:$J$6,0) -> 4 | M4: =IF(SUMPRODUCT(--(BAI_DO_XE!$A$2:$A$1000=A4))=1,"ĐẠT","LỆCH") -> ĐẠT | N4: =IF(SUMPRODUCT(--(BAI_DO_XE!$B$2:$B$1000=B4))=1,"ĐẠT","LỆCH") -> ĐẠT | O4: =IF(LEFT(A4,4)="BAI_","ĐẠT","LỆCH") -> ĐẠT | P4: =IF(D4>0,"ĐẠT","LỆCH") -> ĐẠT | Q4: =IF(E4<=D4,"ĐẠT","LỆCH") -> ĐẠT
A5: BAI_Q7 | B5: Bãi xe SC VivoCity | C5: Số 1058 Nguyễn Văn Linh, Phường Tân Phong, Quận 7, TP.HCM | D5: =COUNTIF(VI_TRI_DO!$E$2:$E$1000,A5) -> 12 | E5: =SUMPRODUCT((LUOT_GUI!$H$2:$H$1000=A5)*(LEN(LUOT_GUI!$E$2:$E$1000)=0)) -> 2 | F5: =D5-E5 -> 10 | G5: =IF(D5>0,E5/D5,0) -> 0.16666667 | H5: =SUMIFS(LUOT_GUI!$G$2:$G$1000,LUOT_GUI!$H$2:$H$1000,A5) -> 20000 | I5: =SUMIFS(HOA_DON_VE_THANG!$E$2:$E$1000,HOA_DON_VE_THANG!$F$2:$F$1000,A5) -> 11220000 | J5: =H5+I5 -> 11240000 | K5: =IF(J5>=NguongDoanhThuRatCao,"Hiệu quả rất cao (Doanh thu > 10 triệu)",IF(J5>=NguongDoanhThuTot,"Hiệu quả tốt","Cần đẩy mạnh khai thác thêm lượt gửi")) -> Hiệu quả rất cao (Doanh thu > 10 triệu) | L5: =RANK(J5,$J$2:$J$6,0) -> 5 | M5: =IF(SUMPRODUCT(--(BAI_DO_XE!$A$2:$A$1000=A5))=1,"ĐẠT","LỆCH") -> ĐẠT | N5: =IF(SUMPRODUCT(--(BAI_DO_XE!$B$2:$B$1000=B5))=1,"ĐẠT","LỆCH") -> ĐẠT | O5: =IF(LEFT(A5,4)="BAI_","ĐẠT","LỆCH") -> ĐẠT | P5: =IF(D5>0,"ĐẠT","LỆCH") -> ĐẠT | Q5: =IF(E5<=D5,"ĐẠT","LỆCH") -> ĐẠT
A6: BAI_TB | B6: Bãi xe TCP Park - Sân bay Tân Sơn Nhất | C6: Cạnh nhà ga quốc nội, Cảng HKQT Tân Sơn Nhất, Phường 2, Quận Tân Bình, TP.HCM | D6: =COUNTIF(VI_TRI_DO!$E$2:$E$1000,A6) -> 14 | E6: =SUMPRODUCT((LUOT_GUI!$H$2:$H$1000=A6)*(LEN(LUOT_GUI!$E$2:$E$1000)=0)) -> 3 | F6: =D6-E6 -> 11 | G6: =IF(D6>0,E6/D6,0) -> 0.21428571 | H6: =SUMIFS(LUOT_GUI!$G$2:$G$1000,LUOT_GUI!$H$2:$H$1000,A6) -> 165000 | I6: =SUMIFS(HOA_DON_VE_THANG!$E$2:$E$1000,HOA_DON_VE_THANG!$F$2:$F$1000,A6) -> 19400000 | J6: =H6+I6 -> 19565000 | K6: =IF(J6>=NguongDoanhThuRatCao,"Hiệu quả rất cao (Doanh thu > 10 triệu)",IF(J6>=NguongDoanhThuTot,"Hiệu quả tốt","Cần đẩy mạnh khai thác thêm lượt gửi")) -> Hiệu quả rất cao (Doanh thu > 10 triệu) | L6: =RANK(J6,$J$2:$J$6,0) -> 2 | M6: =IF(SUMPRODUCT(--(BAI_DO_XE!$A$2:$A$1000=A6))=1,"ĐẠT","LỆCH") -> ĐẠT | N6: =IF(SUMPRODUCT(--(BAI_DO_XE!$B$2:$B$1000=B6))=1,"ĐẠT","LỆCH") -> ĐẠT | O6: =IF(LEFT(A6,4)="BAI_","ĐẠT","LỆCH") -> ĐẠT | P6: =IF(D6>0,"ĐẠT","LỆCH") -> ĐẠT | Q6: =IF(E6<=D6,"ĐẠT","LỆCH") -> ĐẠT

Sheet NHAN_VIEN
A1: MaNV | B1: HoTen | C1: ChucVu | D1: SDT | E1: Email | F1: MaBai | G1: TenBaiPhuTrach | H1: SoTaiKhoan | I1: KT_PK | J1: KT_DinhDangMa | K1: KT_SDTDuyNhat | L1: KT_EmailDuyNhat | M1: KT_FK_MaBai | N1: KT_PhamViTheoChucVu
A2: NV001 | B2: Nguyễn Hữu Trí | C2: Giám đốc điều hành | D2: 0901000001 | E2: tri.nguyen@smartparking.vn | G2: =IF(LEN(F2)=0,"Toàn chuỗi",INDEX(BAI_DO_XE!$B$2:$B$1000,MATCH(F2,BAI_DO_XE!$A$2:$A$1000,0))) -> Toàn chuỗi | H2: =COUNTIF(TAI_KHOAN!$C$2:$C$1000,A2) -> 1 | I2: =IF(SUMPRODUCT(--(NHAN_VIEN!$A$2:$A$1000=A2))=1,"ĐẠT","LỆCH") -> ĐẠT | J2: =IF(AND(LEN(A2)=5,LEFT(A2,2)="NV",ISNUMBER(-MID(A2,3,3)),ISERROR(FIND(".",MID(A2,3,3)))),"ĐẠT","LỆCH") -> ĐẠT | K2: =IF(SUMPRODUCT(--(NHAN_VIEN!$D$2:$D$1000=D2))=1,"ĐẠT","LỆCH") -> ĐẠT | L2: =IF(LEN(E2)=0,"ĐẠT",IF(SUMPRODUCT(--(NHAN_VIEN!$E$2:$E$1000=E2))=1,"ĐẠT","LỆCH")) -> ĐẠT | M2: =IF(LEN(F2)=0,"ĐẠT",IF(SUMPRODUCT(--(BAI_DO_XE!$A$2:$A$1000=F2))>0,"ĐẠT","LỆCH")) -> ĐẠT | N2: =IF(IF(C2="Giám đốc điều hành",LEN(F2)=0,LEN(F2)>0),"ĐẠT","LỆCH") -> ĐẠT
A3: NV002 | B3: Trần Văn Hùng | C3: Quản lý bãi | D3: 0901000002 | E3: hung.tran@smartparking.vn | F3: BAI_Q1 | G3: =IF(LEN(F3)=0,"Toàn chuỗi",INDEX(BAI_DO_XE!$B$2:$B$1000,MATCH(F3,BAI_DO_XE!$A$2:$A$1000,0))) -> Bãi xe Lê Lai - Bến Thành | H3: =COUNTIF(TAI_KHOAN!$C$2:$C$1000,A3) -> 1 | I3: =IF(SUMPRODUCT(--(NHAN_VIEN!$A$2:$A$1000=A3))=1,"ĐẠT","LỆCH") -> ĐẠT | J3: =IF(AND(LEN(A3)=5,LEFT(A3,2)="NV",ISNUMBER(-MID(A3,3,3)),ISERROR(FIND(".",MID(A3,3,3)))),"ĐẠT","LỆCH") -> ĐẠT | K3: =IF(SUMPRODUCT(--(NHAN_VIEN!$D$2:$D$1000=D3))=1,"ĐẠT","LỆCH") -> ĐẠT | L3: =IF(LEN(E3)=0,"ĐẠT",IF(SUMPRODUCT(--(NHAN_VIEN!$E$2:$E$1000=E3))=1,"ĐẠT","LỆCH")) -> ĐẠT | M3: =IF(LEN(F3)=0,"ĐẠT",IF(SUMPRODUCT(--(BAI_DO_XE!$A$2:$A$1000=F3))>0,"ĐẠT","LỆCH")) -> ĐẠT | N3: =IF(IF(C3="Giám đốc điều hành",LEN(F3)=0,LEN(F3)>0),"ĐẠT","LỆCH") -> ĐẠT
A4: NV003 | B4: Lê Thị Bích Ngọc | C4: Quản lý bãi | D4: 0901000003 | E4: ngoc.le@smartparking.vn | F4: BAI_Q3 | G4: =IF(LEN(F4)=0,"Toàn chuỗi",INDEX(BAI_DO_XE!$B$2:$B$1000,MATCH(F4,BAI_DO_XE!$A$2:$A$1000,0))) -> Bãi xe Hai Bà Trưng | H4: =COUNTIF(TAI_KHOAN!$C$2:$C$1000,A4) -> 1 | I4: =IF(SUMPRODUCT(--(NHAN_VIEN!$A$2:$A$1000=A4))=1,"ĐẠT","LỆCH") -> ĐẠT | J4: =IF(AND(LEN(A4)=5,LEFT(A4,2)="NV",ISNUMBER(-MID(A4,3,3)),ISERROR(FIND(".",MID(A4,3,3)))),"ĐẠT","LỆCH") -> ĐẠT | K4: =IF(SUMPRODUCT(--(NHAN_VIEN!$D$2:$D$1000=D4))=1,"ĐẠT","LỆCH") -> ĐẠT | L4: =IF(LEN(E4)=0,"ĐẠT",IF(SUMPRODUCT(--(NHAN_VIEN!$E$2:$E$1000=E4))=1,"ĐẠT","LỆCH")) -> ĐẠT | M4: =IF(LEN(F4)=0,"ĐẠT",IF(SUMPRODUCT(--(BAI_DO_XE!$A$2:$A$1000=F4))>0,"ĐẠT","LỆCH")) -> ĐẠT | N4: =IF(IF(C4="Giám đốc điều hành",LEN(F4)=0,LEN(F4)>0),"ĐẠT","LỆCH") -> ĐẠT
A5: NV004 | B5: Hoàng Đình Nam | C5: Quản lý bãi | D5: 0901000004 | E5: nam.hoang@smartparking.vn | F5: BAI_BT | G5: =IF(LEN(F5)=0,"Toàn chuỗi",INDEX(BAI_DO_XE!$B$2:$B$1000,MATCH(F5,BAI_DO_XE!$A$2:$A$1000,0))) -> Bãi xe Landmark 81 | H5: =COUNTIF(TAI_KHOAN!$C$2:$C$1000,A5) -> 1 | I5: =IF(SUMPRODUCT(--(NHAN_VIEN!$A$2:$A$1000=A5))=1,"ĐẠT","LỆCH") -> ĐẠT | J5: =IF(AND(LEN(A5)=5,LEFT(A5,2)="NV",ISNUMBER(-MID(A5,3,3)),ISERROR(FIND(".",MID(A5,3,3)))),"ĐẠT","LỆCH") -> ĐẠT | K5: =IF(SUMPRODUCT(--(NHAN_VIEN!$D$2:$D$1000=D5))=1,"ĐẠT","LỆCH") -> ĐẠT | L5: =IF(LEN(E5)=0,"ĐẠT",IF(SUMPRODUCT(--(NHAN_VIEN!$E$2:$E$1000=E5))=1,"ĐẠT","LỆCH")) -> ĐẠT | M5: =IF(LEN(F5)=0,"ĐẠT",IF(SUMPRODUCT(--(BAI_DO_XE!$A$2:$A$1000=F5))>0,"ĐẠT","LỆCH")) -> ĐẠT | N5: =IF(IF(C5="Giám đốc điều hành",LEN(F5)=0,LEN(F5)>0),"ĐẠT","LỆCH") -> ĐẠT
A6: NV005 | B6: Phạm Văn Cường | C6: Bảo vệ | D6: 0901000005 | E6: cuong.pham@smartparking.vn | F6: BAI_Q1 | G6: =IF(LEN(F6)=0,"Toàn chuỗi",INDEX(BAI_DO_XE!$B$2:$B$1000,MATCH(F6,BAI_DO_XE!$A$2:$A$1000,0))) -> Bãi xe Lê Lai - Bến Thành | H6: =COUNTIF(TAI_KHOAN!$C$2:$C$1000,A6) -> 2 | I6: =IF(SUMPRODUCT(--(NHAN_VIEN!$A$2:$A$1000=A6))=1,"ĐẠT","LỆCH") -> ĐẠT | J6: =IF(AND(LEN(A6)=5,LEFT(A6,2)="NV",ISNUMBER(-MID(A6,3,3)),ISERROR(FIND(".",MID(A6,3,3)))),"ĐẠT","LỆCH") -> ĐẠT | K6: =IF(SUMPRODUCT(--(NHAN_VIEN!$D$2:$D$1000=D6))=1,"ĐẠT","LỆCH") -> ĐẠT | L6: =IF(LEN(E6)=0,"ĐẠT",IF(SUMPRODUCT(--(NHAN_VIEN!$E$2:$E$1000=E6))=1,"ĐẠT","LỆCH")) -> ĐẠT | M6: =IF(LEN(F6)=0,"ĐẠT",IF(SUMPRODUCT(--(BAI_DO_XE!$A$2:$A$1000=F6))>0,"ĐẠT","LỆCH")) -> ĐẠT | N6: =IF(IF(C6="Giám đốc điều hành",LEN(F6)=0,LEN(F6)>0),"ĐẠT","LỆCH") -> ĐẠT
A7: NV006 | B7: Đặng Minh Tuấn | C7: Bảo vệ | D7: 0901000006 | E7: tuan.dang@smartparking.vn | F7: BAI_Q3 | G7: =IF(LEN(F7)=0,"Toàn chuỗi",INDEX(BAI_DO_XE!$B$2:$B$1000,MATCH(F7,BAI_DO_XE!$A$2:$A$1000,0))) -> Bãi xe Hai Bà Trưng | H7: =COUNTIF(TAI_KHOAN!$C$2:$C$1000,A7) -> 1 | I7: =IF(SUMPRODUCT(--(NHAN_VIEN!$A$2:$A$1000=A7))=1,"ĐẠT","LỆCH") -> ĐẠT | J7: =IF(AND(LEN(A7)=5,LEFT(A7,2)="NV",ISNUMBER(-MID(A7,3,3)),ISERROR(FIND(".",MID(A7,3,3)))),"ĐẠT","LỆCH") -> ĐẠT | K7: =IF(SUMPRODUCT(--(NHAN_VIEN!$D$2:$D$1000=D7))=1,"ĐẠT","LỆCH") -> ĐẠT | L7: =IF(LEN(E7)=0,"ĐẠT",IF(SUMPRODUCT(--(NHAN_VIEN!$E$2:$E$1000=E7))=1,"ĐẠT","LỆCH")) -> ĐẠT | M7: =IF(LEN(F7)=0,"ĐẠT",IF(SUMPRODUCT(--(BAI_DO_XE!$A$2:$A$1000=F7))>0,"ĐẠT","LỆCH")) -> ĐẠT | N7: =IF(IF(C7="Giám đốc điều hành",LEN(F7)=0,LEN(F7)>0),"ĐẠT","LỆCH") -> ĐẠT
A8: NV007 | B8: Vũ Đức Thắng | C8: Bảo vệ | D8: 0901000007 | E8: thang.vu@smartparking.vn | F8: BAI_BT | G8: =IF(LEN(F8)=0,"Toàn chuỗi",INDEX(BAI_DO_XE!$B$2:$B$1000,MATCH(F8,BAI_DO_XE!$A$2:$A$1000,0))) -> Bãi xe Landmark 81 | H8: =COUNTIF(TAI_KHOAN!$C$2:$C$1000,A8) -> 1 | I8: =IF(SUMPRODUCT(--(NHAN_VIEN!$A$2:$A$1000=A8))=1,"ĐẠT","LỆCH") -> ĐẠT | J8: =IF(AND(LEN(A8)=5,LEFT(A8,2)="NV",ISNUMBER(-MID(A8,3,3)),ISERROR(FIND(".",MID(A8,3,3)))),"ĐẠT","LỆCH") -> ĐẠT | K8: =IF(SUMPRODUCT(--(NHAN_VIEN!$D$2:$D$1000=D8))=1,"ĐẠT","LỆCH") -> ĐẠT | L8: =IF(LEN(E8)=0,"ĐẠT",IF(SUMPRODUCT(--(NHAN_VIEN!$E$2:$E$1000=E8))=1,"ĐẠT","LỆCH")) -> ĐẠT | M8: =IF(LEN(F8)=0,"ĐẠT",IF(SUMPRODUCT(--(BAI_DO_XE!$A$2:$A$1000=F8))>0,"ĐẠT","LỆCH")) -> ĐẠT | N8: =IF(IF(C8="Giám đốc điều hành",LEN(F8)=0,LEN(F8)>0),"ĐẠT","LỆCH") -> ĐẠT
A9: NV008 | B9: Huỳnh Quốc Bảo | C9: Quản lý bãi | D9: 0901000008 | E9: bao.huynh@smartparking.vn | F9: BAI_TB | G9: =IF(LEN(F9)=0,"Toàn chuỗi",INDEX(BAI_DO_XE!$B$2:$B$1000,MATCH(F9,BAI_DO_XE!$A$2:$A$1000,0))) -> Bãi xe TCP Park - Sân bay Tân Sơn Nhất | H9: =COUNTIF(TAI_KHOAN!$C$2:$C$1000,A9) -> 1 | I9: =IF(SUMPRODUCT(--(NHAN_VIEN!$A$2:$A$1000=A9))=1,"ĐẠT","LỆCH") -> ĐẠT | J9: =IF(AND(LEN(A9)=5,LEFT(A9,2)="NV",ISNUMBER(-MID(A9,3,3)),ISERROR(FIND(".",MID(A9,3,3)))),"ĐẠT","LỆCH") -> ĐẠT | K9: =IF(SUMPRODUCT(--(NHAN_VIEN!$D$2:$D$1000=D9))=1,"ĐẠT","LỆCH") -> ĐẠT | L9: =IF(LEN(E9)=0,"ĐẠT",IF(SUMPRODUCT(--(NHAN_VIEN!$E$2:$E$1000=E9))=1,"ĐẠT","LỆCH")) -> ĐẠT | M9: =IF(LEN(F9)=0,"ĐẠT",IF(SUMPRODUCT(--(BAI_DO_XE!$A$2:$A$1000=F9))>0,"ĐẠT","LỆCH")) -> ĐẠT | N9: =IF(IF(C9="Giám đốc điều hành",LEN(F9)=0,LEN(F9)>0),"ĐẠT","LỆCH") -> ĐẠT
A10: NV009 | B10: Ngô Thị Thanh Hà | C10: Quản lý bãi | D10: 0901000009 | E10: ha.ngo@smartparking.vn | F10: BAI_Q7 | G10: =IF(LEN(F10)=0,"Toàn chuỗi",INDEX(BAI_DO_XE!$B$2:$B$1000,MATCH(F10,BAI_DO_XE!$A$2:$A$1000,0))) -> Bãi xe SC VivoCity | H10: =COUNTIF(TAI_KHOAN!$C$2:$C$1000,A10) -> 1 | I10: =IF(SUMPRODUCT(--(NHAN_VIEN!$A$2:$A$1000=A10))=1,"ĐẠT","LỆCH") -> ĐẠT | J10: =IF(AND(LEN(A10)=5,LEFT(A10,2)="NV",ISNUMBER(-MID(A10,3,3)),ISERROR(FIND(".",MID(A10,3,3)))),"ĐẠT","LỆCH") -> ĐẠT | K10: =IF(SUMPRODUCT(--(NHAN_VIEN!$D$2:$D$1000=D10))=1,"ĐẠT","LỆCH") -> ĐẠT | L10: =IF(LEN(E10)=0,"ĐẠT",IF(SUMPRODUCT(--(NHAN_VIEN!$E$2:$E$1000=E10))=1,"ĐẠT","LỆCH")) -> ĐẠT | M10: =IF(LEN(F10)=0,"ĐẠT",IF(SUMPRODUCT(--(BAI_DO_XE!$A$2:$A$1000=F10))>0,"ĐẠT","LỆCH")) -> ĐẠT | N10: =IF(IF(C10="Giám đốc điều hành",LEN(F10)=0,LEN(F10)>0),"ĐẠT","LỆCH") -> ĐẠT
A11: NV010 | B11: Trương Văn Lộc | C11: Bảo vệ | D11: 0901000010 | E11: loc.truong@smartparking.vn | F11: BAI_TB | G11: =IF(LEN(F11)=0,"Toàn chuỗi",INDEX(BAI_DO_XE!$B$2:$B$1000,MATCH(F11,BAI_DO_XE!$A$2:$A$1000,0))) -> Bãi xe TCP Park - Sân bay Tân Sơn Nhất | H11: =COUNTIF(TAI_KHOAN!$C$2:$C$1000,A11) -> 1 | I11: =IF(SUMPRODUCT(--(NHAN_VIEN!$A$2:$A$1000=A11))=1,"ĐẠT","LỆCH") -> ĐẠT | J11: =IF(AND(LEN(A11)=5,LEFT(A11,2)="NV",ISNUMBER(-MID(A11,3,3)),ISERROR(FIND(".",MID(A11,3,3)))),"ĐẠT","LỆCH") -> ĐẠT | K11: =IF(SUMPRODUCT(--(NHAN_VIEN!$D$2:$D$1000=D11))=1,"ĐẠT","LỆCH") -> ĐẠT | L11: =IF(LEN(E11)=0,"ĐẠT",IF(SUMPRODUCT(--(NHAN_VIEN!$E$2:$E$1000=E11))=1,"ĐẠT","LỆCH")) -> ĐẠT | M11: =IF(LEN(F11)=0,"ĐẠT",IF(SUMPRODUCT(--(BAI_DO_XE!$A$2:$A$1000=F11))>0,"ĐẠT","LỆCH")) -> ĐẠT | N11: =IF(IF(C11="Giám đốc điều hành",LEN(F11)=0,LEN(F11)>0),"ĐẠT","LỆCH") -> ĐẠT
A12: NV011 | B12: Bùi Thành Đạt | C12: Bảo vệ | D12: 0901000011 | E12: dat.bui@smartparking.vn | F12: BAI_Q7 | G12: =IF(LEN(F12)=0,"Toàn chuỗi",INDEX(BAI_DO_XE!$B$2:$B$1000,MATCH(F12,BAI_DO_XE!$A$2:$A$1000,0))) -> Bãi xe SC VivoCity | H12: =COUNTIF(TAI_KHOAN!$C$2:$C$1000,A12) -> 1 | I12: =IF(SUMPRODUCT(--(NHAN_VIEN!$A$2:$A$1000=A12))=1,"ĐẠT","LỆCH") -> ĐẠT | J12: =IF(AND(LEN(A12)=5,LEFT(A12,2)="NV",ISNUMBER(-MID(A12,3,3)),ISERROR(FIND(".",MID(A12,3,3)))),"ĐẠT","LỆCH") -> ĐẠT | K12: =IF(SUMPRODUCT(--(NHAN_VIEN!$D$2:$D$1000=D12))=1,"ĐẠT","LỆCH") -> ĐẠT | L12: =IF(LEN(E12)=0,"ĐẠT",IF(SUMPRODUCT(--(NHAN_VIEN!$E$2:$E$1000=E12))=1,"ĐẠT","LỆCH")) -> ĐẠT | M12: =IF(LEN(F12)=0,"ĐẠT",IF(SUMPRODUCT(--(BAI_DO_XE!$A$2:$A$1000=F12))>0,"ĐẠT","LỆCH")) -> ĐẠT | N12: =IF(IF(C12="Giám đốc điều hành",LEN(F12)=0,LEN(F12)>0),"ĐẠT","LỆCH") -> ĐẠT

Sheet TAI_KHOAN
A1: TenDangNhap | B1: MatKhauHash | C1: MaNV | D1: TrangThai | E1: MatKhauMau | F1: HoTen | G1: ChucVu | H1: KetQuaDangNhap | I1: KT_PK | J1: KT_FK_MaNV | K1: KT_DoDaiHash
A2: admin | B2: A36AEF5A11C4073FBE60314FC9DF530A9D5F986533594D1F5190742FF9E0E408 | C2: NV001 | D2: Hoạt động | E2: Admin@2026 | F2: =INDEX(NHAN_VIEN!$B$2:$B$1000,MATCH(C2,NHAN_VIEN!$A$2:$A$1000,0)) -> Nguyễn Hữu Trí | G2: =INDEX(NHAN_VIEN!$C$2:$C$1000,MATCH(C2,NHAN_VIEN!$A$2:$A$1000,0)) -> Giám đốc điều hành | H2: =IF(D2="Hoạt động","Đăng nhập được (nếu đúng mật khẩu)","CHẶN 50021 - Tài khoản bị khóa") -> Đăng nhập được (nếu đúng mật khẩu) | I2: =IF(SUMPRODUCT(--(TAI_KHOAN!$A$2:$A$1000=A2))=1,"ĐẠT","LỆCH") -> ĐẠT | J2: =IF(SUMPRODUCT(--(NHAN_VIEN!$A$2:$A$1000=C2))>0,"ĐẠT","LỆCH") -> ĐẠT | K2: =IF(LEN(B2)=64,"ĐẠT","LỆCH") -> ĐẠT
A3: quanly_q1 | B3: 8D969EEF6ECAD3C29A3A629280E686CF0C3F5D5A86AFF3CA12020C923ADC6C92 | C3: NV002 | D3: Hoạt động | E3: 123456 | F3: =INDEX(NHAN_VIEN!$B$2:$B$1000,MATCH(C3,NHAN_VIEN!$A$2:$A$1000,0)) -> Trần Văn Hùng | G3: =INDEX(NHAN_VIEN!$C$2:$C$1000,MATCH(C3,NHAN_VIEN!$A$2:$A$1000,0)) -> Quản lý bãi | H3: =IF(D3="Hoạt động","Đăng nhập được (nếu đúng mật khẩu)","CHẶN 50021 - Tài khoản bị khóa") -> Đăng nhập được (nếu đúng mật khẩu) | I3: =IF(SUMPRODUCT(--(TAI_KHOAN!$A$2:$A$1000=A3))=1,"ĐẠT","LỆCH") -> ĐẠT | J3: =IF(SUMPRODUCT(--(NHAN_VIEN!$A$2:$A$1000=C3))>0,"ĐẠT","LỆCH") -> ĐẠT | K3: =IF(LEN(B3)=64,"ĐẠT","LỆCH") -> ĐẠT
A4: quanly_q3 | B4: 8D969EEF6ECAD3C29A3A629280E686CF0C3F5D5A86AFF3CA12020C923ADC6C92 | C4: NV003 | D4: Hoạt động | E4: 123456 | F4: =INDEX(NHAN_VIEN!$B$2:$B$1000,MATCH(C4,NHAN_VIEN!$A$2:$A$1000,0)) -> Lê Thị Bích Ngọc | G4: =INDEX(NHAN_VIEN!$C$2:$C$1000,MATCH(C4,NHAN_VIEN!$A$2:$A$1000,0)) -> Quản lý bãi | H4: =IF(D4="Hoạt động","Đăng nhập được (nếu đúng mật khẩu)","CHẶN 50021 - Tài khoản bị khóa") -> Đăng nhập được (nếu đúng mật khẩu) | I4: =IF(SUMPRODUCT(--(TAI_KHOAN!$A$2:$A$1000=A4))=1,"ĐẠT","LỆCH") -> ĐẠT | J4: =IF(SUMPRODUCT(--(NHAN_VIEN!$A$2:$A$1000=C4))>0,"ĐẠT","LỆCH") -> ĐẠT | K4: =IF(LEN(B4)=64,"ĐẠT","LỆCH") -> ĐẠT
A5: quanly_bt | B5: 8D969EEF6ECAD3C29A3A629280E686CF0C3F5D5A86AFF3CA12020C923ADC6C92 | C5: NV004 | D5: Hoạt động | E5: 123456 | F5: =INDEX(NHAN_VIEN!$B$2:$B$1000,MATCH(C5,NHAN_VIEN!$A$2:$A$1000,0)) -> Hoàng Đình Nam | G5: =INDEX(NHAN_VIEN!$C$2:$C$1000,MATCH(C5,NHAN_VIEN!$A$2:$A$1000,0)) -> Quản lý bãi | H5: =IF(D5="Hoạt động","Đăng nhập được (nếu đúng mật khẩu)","CHẶN 50021 - Tài khoản bị khóa") -> Đăng nhập được (nếu đúng mật khẩu) | I5: =IF(SUMPRODUCT(--(TAI_KHOAN!$A$2:$A$1000=A5))=1,"ĐẠT","LỆCH") -> ĐẠT | J5: =IF(SUMPRODUCT(--(NHAN_VIEN!$A$2:$A$1000=C5))>0,"ĐẠT","LỆCH") -> ĐẠT | K5: =IF(LEN(B5)=64,"ĐẠT","LỆCH") -> ĐẠT
A6: baove_khoa | B6: 8D969EEF6ECAD3C29A3A629280E686CF0C3F5D5A86AFF3CA12020C923ADC6C92 | C6: NV005 | D6: Bị khóa | E6: 123456 | F6: =INDEX(NHAN_VIEN!$B$2:$B$1000,MATCH(C6,NHAN_VIEN!$A$2:$A$1000,0)) -> Phạm Văn Cường | G6: =INDEX(NHAN_VIEN!$C$2:$C$1000,MATCH(C6,NHAN_VIEN!$A$2:$A$1000,0)) -> Bảo vệ | H6: =IF(D6="Hoạt động","Đăng nhập được (nếu đúng mật khẩu)","CHẶN 50021 - Tài khoản bị khóa") -> CHẶN 50021 - Tài khoản bị khóa | I6: =IF(SUMPRODUCT(--(TAI_KHOAN!$A$2:$A$1000=A6))=1,"ĐẠT","LỆCH") -> ĐẠT | J6: =IF(SUMPRODUCT(--(NHAN_VIEN!$A$2:$A$1000=C6))>0,"ĐẠT","LỆCH") -> ĐẠT | K6: =IF(LEN(B6)=64,"ĐẠT","LỆCH") -> ĐẠT
A7: baove_q1 | B7: 8D969EEF6ECAD3C29A3A629280E686CF0C3F5D5A86AFF3CA12020C923ADC6C92 | C7: NV005 | D7: Hoạt động | E7: 123456 | F7: =INDEX(NHAN_VIEN!$B$2:$B$1000,MATCH(C7,NHAN_VIEN!$A$2:$A$1000,0)) -> Phạm Văn Cường | G7: =INDEX(NHAN_VIEN!$C$2:$C$1000,MATCH(C7,NHAN_VIEN!$A$2:$A$1000,0)) -> Bảo vệ | H7: =IF(D7="Hoạt động","Đăng nhập được (nếu đúng mật khẩu)","CHẶN 50021 - Tài khoản bị khóa") -> Đăng nhập được (nếu đúng mật khẩu) | I7: =IF(SUMPRODUCT(--(TAI_KHOAN!$A$2:$A$1000=A7))=1,"ĐẠT","LỆCH") -> ĐẠT | J7: =IF(SUMPRODUCT(--(NHAN_VIEN!$A$2:$A$1000=C7))>0,"ĐẠT","LỆCH") -> ĐẠT | K7: =IF(LEN(B7)=64,"ĐẠT","LỆCH") -> ĐẠT
A8: baove_q3 | B8: 8D969EEF6ECAD3C29A3A629280E686CF0C3F5D5A86AFF3CA12020C923ADC6C92 | C8: NV006 | D8: Hoạt động | E8: 123456 | F8: =INDEX(NHAN_VIEN!$B$2:$B$1000,MATCH(C8,NHAN_VIEN!$A$2:$A$1000,0)) -> Đặng Minh Tuấn | G8: =INDEX(NHAN_VIEN!$C$2:$C$1000,MATCH(C8,NHAN_VIEN!$A$2:$A$1000,0)) -> Bảo vệ | H8: =IF(D8="Hoạt động","Đăng nhập được (nếu đúng mật khẩu)","CHẶN 50021 - Tài khoản bị khóa") -> Đăng nhập được (nếu đúng mật khẩu) | I8: =IF(SUMPRODUCT(--(TAI_KHOAN!$A$2:$A$1000=A8))=1,"ĐẠT","LỆCH") -> ĐẠT | J8: =IF(SUMPRODUCT(--(NHAN_VIEN!$A$2:$A$1000=C8))>0,"ĐẠT","LỆCH") -> ĐẠT | K8: =IF(LEN(B8)=64,"ĐẠT","LỆCH") -> ĐẠT
A9: baove_bt | B9: 8D969EEF6ECAD3C29A3A629280E686CF0C3F5D5A86AFF3CA12020C923ADC6C92 | C9: NV007 | D9: Hoạt động | E9: 123456 | F9: =INDEX(NHAN_VIEN!$B$2:$B$1000,MATCH(C9,NHAN_VIEN!$A$2:$A$1000,0)) -> Vũ Đức Thắng | G9: =INDEX(NHAN_VIEN!$C$2:$C$1000,MATCH(C9,NHAN_VIEN!$A$2:$A$1000,0)) -> Bảo vệ | H9: =IF(D9="Hoạt động","Đăng nhập được (nếu đúng mật khẩu)","CHẶN 50021 - Tài khoản bị khóa") -> Đăng nhập được (nếu đúng mật khẩu) | I9: =IF(SUMPRODUCT(--(TAI_KHOAN!$A$2:$A$1000=A9))=1,"ĐẠT","LỆCH") -> ĐẠT | J9: =IF(SUMPRODUCT(--(NHAN_VIEN!$A$2:$A$1000=C9))>0,"ĐẠT","LỆCH") -> ĐẠT | K9: =IF(LEN(B9)=64,"ĐẠT","LỆCH") -> ĐẠT
A10: quanly_tb | B10: 8D969EEF6ECAD3C29A3A629280E686CF0C3F5D5A86AFF3CA12020C923ADC6C92 | C10: NV008 | D10: Hoạt động | E10: 123456 | F10: =INDEX(NHAN_VIEN!$B$2:$B$1000,MATCH(C10,NHAN_VIEN!$A$2:$A$1000,0)) -> Huỳnh Quốc Bảo | G10: =INDEX(NHAN_VIEN!$C$2:$C$1000,MATCH(C10,NHAN_VIEN!$A$2:$A$1000,0)) -> Quản lý bãi | H10: =IF(D10="Hoạt động","Đăng nhập được (nếu đúng mật khẩu)","CHẶN 50021 - Tài khoản bị khóa") -> Đăng nhập được (nếu đúng mật khẩu) | I10: =IF(SUMPRODUCT(--(TAI_KHOAN!$A$2:$A$1000=A10))=1,"ĐẠT","LỆCH") -> ĐẠT | J10: =IF(SUMPRODUCT(--(NHAN_VIEN!$A$2:$A$1000=C10))>0,"ĐẠT","LỆCH") -> ĐẠT | K10: =IF(LEN(B10)=64,"ĐẠT","LỆCH") -> ĐẠT
A11: quanly_q7 | B11: 8D969EEF6ECAD3C29A3A629280E686CF0C3F5D5A86AFF3CA12020C923ADC6C92 | C11: NV009 | D11: Hoạt động | E11: 123456 | F11: =INDEX(NHAN_VIEN!$B$2:$B$1000,MATCH(C11,NHAN_VIEN!$A$2:$A$1000,0)) -> Ngô Thị Thanh Hà | G11: =INDEX(NHAN_VIEN!$C$2:$C$1000,MATCH(C11,NHAN_VIEN!$A$2:$A$1000,0)) -> Quản lý bãi | H11: =IF(D11="Hoạt động","Đăng nhập được (nếu đúng mật khẩu)","CHẶN 50021 - Tài khoản bị khóa") -> Đăng nhập được (nếu đúng mật khẩu) | I11: =IF(SUMPRODUCT(--(TAI_KHOAN!$A$2:$A$1000=A11))=1,"ĐẠT","LỆCH") -> ĐẠT | J11: =IF(SUMPRODUCT(--(NHAN_VIEN!$A$2:$A$1000=C11))>0,"ĐẠT","LỆCH") -> ĐẠT | K11: =IF(LEN(B11)=64,"ĐẠT","LỆCH") -> ĐẠT
A12: baove_tb | B12: 8D969EEF6ECAD3C29A3A629280E686CF0C3F5D5A86AFF3CA12020C923ADC6C92 | C12: NV010 | D12: Hoạt động | E12: 123456 | F12: =INDEX(NHAN_VIEN!$B$2:$B$1000,MATCH(C12,NHAN_VIEN!$A$2:$A$1000,0)) -> Trương Văn Lộc | G12: =INDEX(NHAN_VIEN!$C$2:$C$1000,MATCH(C12,NHAN_VIEN!$A$2:$A$1000,0)) -> Bảo vệ | H12: =IF(D12="Hoạt động","Đăng nhập được (nếu đúng mật khẩu)","CHẶN 50021 - Tài khoản bị khóa") -> Đăng nhập được (nếu đúng mật khẩu) | I12: =IF(SUMPRODUCT(--(TAI_KHOAN!$A$2:$A$1000=A12))=1,"ĐẠT","LỆCH") -> ĐẠT | J12: =IF(SUMPRODUCT(--(NHAN_VIEN!$A$2:$A$1000=C12))>0,"ĐẠT","LỆCH") -> ĐẠT | K12: =IF(LEN(B12)=64,"ĐẠT","LỆCH") -> ĐẠT
A13: baove_q7 | B13: 8D969EEF6ECAD3C29A3A629280E686CF0C3F5D5A86AFF3CA12020C923ADC6C92 | C13: NV011 | D13: Hoạt động | E13: 123456 | F13: =INDEX(NHAN_VIEN!$B$2:$B$1000,MATCH(C13,NHAN_VIEN!$A$2:$A$1000,0)) -> Bùi Thành Đạt | G13: =INDEX(NHAN_VIEN!$C$2:$C$1000,MATCH(C13,NHAN_VIEN!$A$2:$A$1000,0)) -> Bảo vệ | H13: =IF(D13="Hoạt động","Đăng nhập được (nếu đúng mật khẩu)","CHẶN 50021 - Tài khoản bị khóa") -> Đăng nhập được (nếu đúng mật khẩu) | I13: =IF(SUMPRODUCT(--(TAI_KHOAN!$A$2:$A$1000=A13))=1,"ĐẠT","LỆCH") -> ĐẠT | J13: =IF(SUMPRODUCT(--(NHAN_VIEN!$A$2:$A$1000=C13))>0,"ĐẠT","LỆCH") -> ĐẠT | K13: =IF(LEN(B13)=64,"ĐẠT","LỆCH") -> ĐẠT

Sheet LOAI_XE
A1: MaLoaiXe | B1: MaBai | C1: TenLoai | D1: DonGiaGio | E1: GiaVeThang | F1: TenBai | G1: SoO | H1: SoOTrong | I1: KT_PK | J1: KT_FK_MaBai | K1: KT_GiaDuong
A2: OT | B2: BAI_BT | C2: Ô tô 4-7 chỗ | D2: 30000 | E2: 2200000 | F2: =INDEX(BAI_DO_XE!$B$2:$B$1000,MATCH(B2,BAI_DO_XE!$A$2:$A$1000,0)) -> Bãi xe Landmark 81 | G2: =COUNTIFS(VI_TRI_DO!$D$2:$D$1000,A2,VI_TRI_DO!$E$2:$E$1000,B2) -> 4 | H2: =COUNTIFS(VI_TRI_DO!$D$2:$D$1000,A2,VI_TRI_DO!$E$2:$E$1000,B2,VI_TRI_DO!$C$2:$C$1000,"Trống") -> 3 | I2: =IF(SUMPRODUCT((LOAI_XE!$A$2:$A$1000=A2)*(LOAI_XE!$B$2:$B$1000=B2))=1,"ĐẠT","LỆCH") -> ĐẠT | J2: =IF(SUMPRODUCT(--(BAI_DO_XE!$A$2:$A$1000=B2))>0,"ĐẠT","LỆCH") -> ĐẠT | K2: =IF(AND(D2>0,E2>0),"ĐẠT","LỆCH") -> ĐẠT
A3: XD | B3: BAI_BT | C3: Xe đạp / Xe điện | D3: 4000 | E3: 90000 | F3: =INDEX(BAI_DO_XE!$B$2:$B$1000,MATCH(B3,BAI_DO_XE!$A$2:$A$1000,0)) -> Bãi xe Landmark 81 | G3: =COUNTIFS(VI_TRI_DO!$D$2:$D$1000,A3,VI_TRI_DO!$E$2:$E$1000,B3) -> 2 | H3: =COUNTIFS(VI_TRI_DO!$D$2:$D$1000,A3,VI_TRI_DO!$E$2:$E$1000,B3,VI_TRI_DO!$C$2:$C$1000,"Trống") -> 2 | I3: =IF(SUMPRODUCT((LOAI_XE!$A$2:$A$1000=A3)*(LOAI_XE!$B$2:$B$1000=B3))=1,"ĐẠT","LỆCH") -> ĐẠT | J3: =IF(SUMPRODUCT(--(BAI_DO_XE!$A$2:$A$1000=B3))>0,"ĐẠT","LỆCH") -> ĐẠT | K3: =IF(AND(D3>0,E3>0),"ĐẠT","LỆCH") -> ĐẠT
A4: XM | B4: BAI_BT | C4: Xe máy | D4: 7000 | E4: 200000 | F4: =INDEX(BAI_DO_XE!$B$2:$B$1000,MATCH(B4,BAI_DO_XE!$A$2:$A$1000,0)) -> Bãi xe Landmark 81 | G4: =COUNTIFS(VI_TRI_DO!$D$2:$D$1000,A4,VI_TRI_DO!$E$2:$E$1000,B4) -> 6 | H4: =COUNTIFS(VI_TRI_DO!$D$2:$D$1000,A4,VI_TRI_DO!$E$2:$E$1000,B4,VI_TRI_DO!$C$2:$C$1000,"Trống") -> 6 | I4: =IF(SUMPRODUCT((LOAI_XE!$A$2:$A$1000=A4)*(LOAI_XE!$B$2:$B$1000=B4))=1,"ĐẠT","LỆCH") -> ĐẠT | J4: =IF(SUMPRODUCT(--(BAI_DO_XE!$A$2:$A$1000=B4))>0,"ĐẠT","LỆCH") -> ĐẠT | K4: =IF(AND(D4>0,E4>0),"ĐẠT","LỆCH") -> ĐẠT
A5: OT | B5: BAI_Q1 | C5: Ô tô 4-7 chỗ | D5: 25000 | E5: 1800000 | F5: =INDEX(BAI_DO_XE!$B$2:$B$1000,MATCH(B5,BAI_DO_XE!$A$2:$A$1000,0)) -> Bãi xe Lê Lai - Bến Thành | G5: =COUNTIFS(VI_TRI_DO!$D$2:$D$1000,A5,VI_TRI_DO!$E$2:$E$1000,B5) -> 4 | H5: =COUNTIFS(VI_TRI_DO!$D$2:$D$1000,A5,VI_TRI_DO!$E$2:$E$1000,B5,VI_TRI_DO!$C$2:$C$1000,"Trống") -> 4 | I5: =IF(SUMPRODUCT((LOAI_XE!$A$2:$A$1000=A5)*(LOAI_XE!$B$2:$B$1000=B5))=1,"ĐẠT","LỆCH") -> ĐẠT | J5: =IF(SUMPRODUCT(--(BAI_DO_XE!$A$2:$A$1000=B5))>0,"ĐẠT","LỆCH") -> ĐẠT | K5: =IF(AND(D5>0,E5>0),"ĐẠT","LỆCH") -> ĐẠT
A6: XD | B6: BAI_Q1 | C6: Xe đạp / Xe điện | D6: 3000 | E6: 80000 | F6: =INDEX(BAI_DO_XE!$B$2:$B$1000,MATCH(B6,BAI_DO_XE!$A$2:$A$1000,0)) -> Bãi xe Lê Lai - Bến Thành | G6: =COUNTIFS(VI_TRI_DO!$D$2:$D$1000,A6,VI_TRI_DO!$E$2:$E$1000,B6) -> 2 | H6: =COUNTIFS(VI_TRI_DO!$D$2:$D$1000,A6,VI_TRI_DO!$E$2:$E$1000,B6,VI_TRI_DO!$C$2:$C$1000,"Trống") -> 2 | I6: =IF(SUMPRODUCT((LOAI_XE!$A$2:$A$1000=A6)*(LOAI_XE!$B$2:$B$1000=B6))=1,"ĐẠT","LỆCH") -> ĐẠT | J6: =IF(SUMPRODUCT(--(BAI_DO_XE!$A$2:$A$1000=B6))>0,"ĐẠT","LỆCH") -> ĐẠT | K6: =IF(AND(D6>0,E6>0),"ĐẠT","LỆCH") -> ĐẠT
A7: XM | B7: BAI_Q1 | C7: Xe máy | D7: 6000 | E7: 180000 | F7: =INDEX(BAI_DO_XE!$B$2:$B$1000,MATCH(B7,BAI_DO_XE!$A$2:$A$1000,0)) -> Bãi xe Lê Lai - Bến Thành | G7: =COUNTIFS(VI_TRI_DO!$D$2:$D$1000,A7,VI_TRI_DO!$E$2:$E$1000,B7) -> 6 | H7: =COUNTIFS(VI_TRI_DO!$D$2:$D$1000,A7,VI_TRI_DO!$E$2:$E$1000,B7,VI_TRI_DO!$C$2:$C$1000,"Trống") -> 4 | I7: =IF(SUMPRODUCT((LOAI_XE!$A$2:$A$1000=A7)*(LOAI_XE!$B$2:$B$1000=B7))=1,"ĐẠT","LỆCH") -> ĐẠT | J7: =IF(SUMPRODUCT(--(BAI_DO_XE!$A$2:$A$1000=B7))>0,"ĐẠT","LỆCH") -> ĐẠT | K7: =IF(AND(D7>0,E7>0),"ĐẠT","LỆCH") -> ĐẠT
A8: OT | B8: BAI_Q3 | C8: Ô tô 4-7 chỗ | D8: 20000 | E8: 1500000 | F8: =INDEX(BAI_DO_XE!$B$2:$B$1000,MATCH(B8,BAI_DO_XE!$A$2:$A$1000,0)) -> Bãi xe Hai Bà Trưng | G8: =COUNTIFS(VI_TRI_DO!$D$2:$D$1000,A8,VI_TRI_DO!$E$2:$E$1000,B8) -> 3 | H8: =COUNTIFS(VI_TRI_DO!$D$2:$D$1000,A8,VI_TRI_DO!$E$2:$E$1000,B8,VI_TRI_DO!$C$2:$C$1000,"Trống") -> 3 | I8: =IF(SUMPRODUCT((LOAI_XE!$A$2:$A$1000=A8)*(LOAI_XE!$B$2:$B$1000=B8))=1,"ĐẠT","LỆCH") -> ĐẠT | J8: =IF(SUMPRODUCT(--(BAI_DO_XE!$A$2:$A$1000=B8))>0,"ĐẠT","LỆCH") -> ĐẠT | K8: =IF(AND(D8>0,E8>0),"ĐẠT","LỆCH") -> ĐẠT
A9: XD | B9: BAI_Q3 | C9: Xe đạp / Xe điện | D9: 2000 | E9: 60000 | F9: =INDEX(BAI_DO_XE!$B$2:$B$1000,MATCH(B9,BAI_DO_XE!$A$2:$A$1000,0)) -> Bãi xe Hai Bà Trưng | G9: =COUNTIFS(VI_TRI_DO!$D$2:$D$1000,A9,VI_TRI_DO!$E$2:$E$1000,B9) -> 2 | H9: =COUNTIFS(VI_TRI_DO!$D$2:$D$1000,A9,VI_TRI_DO!$E$2:$E$1000,B9,VI_TRI_DO!$C$2:$C$1000,"Trống") -> 2 | I9: =IF(SUMPRODUCT((LOAI_XE!$A$2:$A$1000=A9)*(LOAI_XE!$B$2:$B$1000=B9))=1,"ĐẠT","LỆCH") -> ĐẠT | J9: =IF(SUMPRODUCT(--(BAI_DO_XE!$A$2:$A$1000=B9))>0,"ĐẠT","LỆCH") -> ĐẠT | K9: =IF(AND(D9>0,E9>0),"ĐẠT","LỆCH") -> ĐẠT
A10: XM | B10: BAI_Q3 | C10: Xe máy | D10: 5000 | E10: 150000 | F10: =INDEX(BAI_DO_XE!$B$2:$B$1000,MATCH(B10,BAI_DO_XE!$A$2:$A$1000,0)) -> Bãi xe Hai Bà Trưng | G10: =COUNTIFS(VI_TRI_DO!$D$2:$D$1000,A10,VI_TRI_DO!$E$2:$E$1000,B10) -> 5 | H10: =COUNTIFS(VI_TRI_DO!$D$2:$D$1000,A10,VI_TRI_DO!$E$2:$E$1000,B10,VI_TRI_DO!$C$2:$C$1000,"Trống") -> 4 | I10: =IF(SUMPRODUCT((LOAI_XE!$A$2:$A$1000=A10)*(LOAI_XE!$B$2:$B$1000=B10))=1,"ĐẠT","LỆCH") -> ĐẠT | J10: =IF(SUMPRODUCT(--(BAI_DO_XE!$A$2:$A$1000=B10))>0,"ĐẠT","LỆCH") -> ĐẠT | K10: =IF(AND(D10>0,E10>0),"ĐẠT","LỆCH") -> ĐẠT
A11: OT | B11: BAI_Q7 | C11: Ô tô 4-7 chỗ | D11: 20000 | E11: 1700000 | F11: =INDEX(BAI_DO_XE!$B$2:$B$1000,MATCH(B11,BAI_DO_XE!$A$2:$A$1000,0)) -> Bãi xe SC VivoCity | G11: =COUNTIFS(VI_TRI_DO!$D$2:$D$1000,A11,VI_TRI_DO!$E$2:$E$1000,B11) -> 5 | H11: =COUNTIFS(VI_TRI_DO!$D$2:$D$1000,A11,VI_TRI_DO!$E$2:$E$1000,B11,VI_TRI_DO!$C$2:$C$1000,"Trống") -> 4 | I11: =IF(SUMPRODUCT((LOAI_XE!$A$2:$A$1000=A11)*(LOAI_XE!$B$2:$B$1000=B11))=1,"ĐẠT","LỆCH") -> ĐẠT | J11: =IF(SUMPRODUCT(--(BAI_DO_XE!$A$2:$A$1000=B11))>0,"ĐẠT","LỆCH") -> ĐẠT | K11: =IF(AND(D11>0,E11>0),"ĐẠT","LỆCH") -> ĐẠT
A12: XD | B12: BAI_Q7 | C12: Xe đạp / Xe điện | D12: 2000 | E12: 70000 | F12: =INDEX(BAI_DO_XE!$B$2:$B$1000,MATCH(B12,BAI_DO_XE!$A$2:$A$1000,0)) -> Bãi xe SC VivoCity | G12: =COUNTIFS(VI_TRI_DO!$D$2:$D$1000,A12,VI_TRI_DO!$E$2:$E$1000,B12) -> 2 | H12: =COUNTIFS(VI_TRI_DO!$D$2:$D$1000,A12,VI_TRI_DO!$E$2:$E$1000,B12,VI_TRI_DO!$C$2:$C$1000,"Trống") -> 2 | I12: =IF(SUMPRODUCT((LOAI_XE!$A$2:$A$1000=A12)*(LOAI_XE!$B$2:$B$1000=B12))=1,"ĐẠT","LỆCH") -> ĐẠT | J12: =IF(SUMPRODUCT(--(BAI_DO_XE!$A$2:$A$1000=B12))>0,"ĐẠT","LỆCH") -> ĐẠT | K12: =IF(AND(D12>0,E12>0),"ĐẠT","LỆCH") -> ĐẠT
A13: XM | B13: BAI_Q7 | C13: Xe máy | D13: 5000 | E13: 170000 | F13: =INDEX(BAI_DO_XE!$B$2:$B$1000,MATCH(B13,BAI_DO_XE!$A$2:$A$1000,0)) -> Bãi xe SC VivoCity | G13: =COUNTIFS(VI_TRI_DO!$D$2:$D$1000,A13,VI_TRI_DO!$E$2:$E$1000,B13) -> 5 | H13: =COUNTIFS(VI_TRI_DO!$D$2:$D$1000,A13,VI_TRI_DO!$E$2:$E$1000,B13,VI_TRI_DO!$C$2:$C$1000,"Trống") -> 4 | I13: =IF(SUMPRODUCT((LOAI_XE!$A$2:$A$1000=A13)*(LOAI_XE!$B$2:$B$1000=B13))=1,"ĐẠT","LỆCH") -> ĐẠT | J13: =IF(SUMPRODUCT(--(BAI_DO_XE!$A$2:$A$1000=B13))>0,"ĐẠT","LỆCH") -> ĐẠT | K13: =IF(AND(D13>0,E13>0),"ĐẠT","LỆCH") -> ĐẠT
... A16: XM | B16: BAI_TB | C16: Xe máy | D16: 5000 | E16: 200000 | F16: =INDEX(BAI_DO_XE!$B$2:$B$1000,MATCH(B16,BAI_DO_XE!$A$2:$A$1000,0)) -> Bãi xe TCP Park - Sân bay Tân Sơn Nhất | G16: =COUNTIFS(VI_TRI_DO!$D$2:$D$1000,A16,VI_TRI_DO!$E$2:$E$1000,B16) -> 6 | H16: =COUNTIFS(VI_TRI_DO!$D$2:$D$1000,A16,VI_TRI_DO!$E$2:$E$1000,B16,VI_TRI_DO!$C$2:$C$1000,"Trống") -> 4 | I16: =IF(SUMPRODUCT((LOAI_XE!$A$2:$A$1000=A16)*(LOAI_XE!$B$2:$B$1000=B16))=1,"ĐẠT","LỆCH") -> ĐẠT | J16: =IF(SUMPRODUCT(--(BAI_DO_XE!$A$2:$A$1000=B16))>0,"ĐẠT","LỆCH") -> ĐẠT | K16: =IF(AND(D16>0,E16>0),"ĐẠT","LỆCH") -> ĐẠT

Sheet VI_TRI_DO
A1: MaViTri | B1: KhuVuc | C1: TrangThai | D1: MaLoaiXe | E1: MaBai | F1: LuotDangMo | G1: KT_PK | H1: KT_DinhDangMa | I1: KT_FK_LoaiXeTaiBai | J1: KT_DoDaiKhuVuc | K1: KT_MotXeMotO
A2: BT_OT_01 | B2: Hầm B2 - Zone A | C2: =IF(F2>0,"Đã đỗ","Trống") -> Đã đỗ | D2: OT | E2: BAI_BT | F2: =SUMPRODUCT((LUOT_GUI!$F$2:$F$1000=A2)*(LEN(LUOT_GUI!$E$2:$E$1000)=0)) -> 1 | G2: =IF(SUMPRODUCT(--(VI_TRI_DO!$A$2:$A$1000=A2))=1,"ĐẠT","LỆCH") -> ĐẠT | H2: =IF(LEFT(A2,LEN(SUBSTITUTE(E2,"BAI_",""))+LEN(D2)+2)=SUBSTITUTE(E2,"BAI_","")&"_"&D2&"_","ĐẠT","LỆCH") -> ĐẠT | I2: =IF(SUMPRODUCT((LOAI_XE!$A$2:$A$1000=D2)*(LOAI_XE!$B$2:$B$1000=E2))>0,"ĐẠT","LỆCH") -> ĐẠT | J2: =IF(LEN(B2)<=20,"ĐẠT","LỆCH") -> ĐẠT | K2: =IF(F2<=1,"ĐẠT","LỆCH") -> ĐẠT
A3: BT_OT_02 | B3: Hầm B2 - Zone A | C3: =IF(F3>0,"Đã đỗ","Trống") -> Trống | D3: OT | E3: BAI_BT | F3: =SUMPRODUCT((LUOT_GUI!$F$2:$F$1000=A3)*(LEN(LUOT_GUI!$E$2:$E$1000)=0)) -> 0 | G3: =IF(SUMPRODUCT(--(VI_TRI_DO!$A$2:$A$1000=A3))=1,"ĐẠT","LỆCH") -> ĐẠT | H3: =IF(LEFT(A3,LEN(SUBSTITUTE(E3,"BAI_",""))+LEN(D3)+2)=SUBSTITUTE(E3,"BAI_","")&"_"&D3&"_","ĐẠT","LỆCH") -> ĐẠT | I3: =IF(SUMPRODUCT((LOAI_XE!$A$2:$A$1000=D3)*(LOAI_XE!$B$2:$B$1000=E3))>0,"ĐẠT","LỆCH") -> ĐẠT | J3: =IF(LEN(B3)<=20,"ĐẠT","LỆCH") -> ĐẠT | K3: =IF(F3<=1,"ĐẠT","LỆCH") -> ĐẠT
A4: BT_OT_03 | B4: Hầm B2 - Zone B | C4: =IF(F4>0,"Đã đỗ","Trống") -> Trống | D4: OT | E4: BAI_BT | F4: =SUMPRODUCT((LUOT_GUI!$F$2:$F$1000=A4)*(LEN(LUOT_GUI!$E$2:$E$1000)=0)) -> 0 | G4: =IF(SUMPRODUCT(--(VI_TRI_DO!$A$2:$A$1000=A4))=1,"ĐẠT","LỆCH") -> ĐẠT | H4: =IF(LEFT(A4,LEN(SUBSTITUTE(E4,"BAI_",""))+LEN(D4)+2)=SUBSTITUTE(E4,"BAI_","")&"_"&D4&"_","ĐẠT","LỆCH") -> ĐẠT | I4: =IF(SUMPRODUCT((LOAI_XE!$A$2:$A$1000=D4)*(LOAI_XE!$B$2:$B$1000=E4))>0,"ĐẠT","LỆCH") -> ĐẠT | J4: =IF(LEN(B4)<=20,"ĐẠT","LỆCH") -> ĐẠT | K4: =IF(F4<=1,"ĐẠT","LỆCH") -> ĐẠT
A5: BT_OT_04 | B5: Hầm B2 - Zone B | C5: =IF(F5>0,"Đã đỗ","Trống") -> Trống | D5: OT | E5: BAI_BT | F5: =SUMPRODUCT((LUOT_GUI!$F$2:$F$1000=A5)*(LEN(LUOT_GUI!$E$2:$E$1000)=0)) -> 0 | G5: =IF(SUMPRODUCT(--(VI_TRI_DO!$A$2:$A$1000=A5))=1,"ĐẠT","LỆCH") -> ĐẠT | H5: =IF(LEFT(A5,LEN(SUBSTITUTE(E5,"BAI_",""))+LEN(D5)+2)=SUBSTITUTE(E5,"BAI_","")&"_"&D5&"_","ĐẠT","LỆCH") -> ĐẠT | I5: =IF(SUMPRODUCT((LOAI_XE!$A$2:$A$1000=D5)*(LOAI_XE!$B$2:$B$1000=E5))>0,"ĐẠT","LỆCH") -> ĐẠT | J5: =IF(LEN(B5)<=20,"ĐẠT","LỆCH") -> ĐẠT | K5: =IF(F5<=1,"ĐẠT","LỆCH") -> ĐẠT
A6: BT_XD_01 | B6: Hầm B1 - Zone E | C6: =IF(F6>0,"Đã đỗ","Trống") -> Trống | D6: XD | E6: BAI_BT | F6: =SUMPRODUCT((LUOT_GUI!$F$2:$F$1000=A6)*(LEN(LUOT_GUI!$E$2:$E$1000)=0)) -> 0 | G6: =IF(SUMPRODUCT(--(VI_TRI_DO!$A$2:$A$1000=A6))=1,"ĐẠT","LỆCH") -> ĐẠT | H6: =IF(LEFT(A6,LEN(SUBSTITUTE(E6,"BAI_",""))+LEN(D6)+2)=SUBSTITUTE(E6,"BAI_","")&"_"&D6&"_","ĐẠT","LỆCH") -> ĐẠT | I6: =IF(SUMPRODUCT((LOAI_XE!$A$2:$A$1000=D6)*(LOAI_XE!$B$2:$B$1000=E6))>0,"ĐẠT","LỆCH") -> ĐẠT | J6: =IF(LEN(B6)<=20,"ĐẠT","LỆCH") -> ĐẠT | K6: =IF(F6<=1,"ĐẠT","LỆCH") -> ĐẠT
A7: BT_XD_02 | B7: Hầm B1 - Zone E | C7: =IF(F7>0,"Đã đỗ","Trống") -> Trống | D7: XD | E7: BAI_BT | F7: =SUMPRODUCT((LUOT_GUI!$F$2:$F$1000=A7)*(LEN(LUOT_GUI!$E$2:$E$1000)=0)) -> 0 | G7: =IF(SUMPRODUCT(--(VI_TRI_DO!$A$2:$A$1000=A7))=1,"ĐẠT","LỆCH") -> ĐẠT | H7: =IF(LEFT(A7,LEN(SUBSTITUTE(E7,"BAI_",""))+LEN(D7)+2)=SUBSTITUTE(E7,"BAI_","")&"_"&D7&"_","ĐẠT","LỆCH") -> ĐẠT | I7: =IF(SUMPRODUCT((LOAI_XE!$A$2:$A$1000=D7)*(LOAI_XE!$B$2:$B$1000=E7))>0,"ĐẠT","LỆCH") -> ĐẠT | J7: =IF(LEN(B7)<=20,"ĐẠT","LỆCH") -> ĐẠT | K7: =IF(F7<=1,"ĐẠT","LỆCH") -> ĐẠT
A8: BT_XM_01 | B8: Hầm B1 - Zone 1 | C8: =IF(F8>0,"Đã đỗ","Trống") -> Trống | D8: XM | E8: BAI_BT | F8: =SUMPRODUCT((LUOT_GUI!$F$2:$F$1000=A8)*(LEN(LUOT_GUI!$E$2:$E$1000)=0)) -> 0 | G8: =IF(SUMPRODUCT(--(VI_TRI_DO!$A$2:$A$1000=A8))=1,"ĐẠT","LỆCH") -> ĐẠT | H8: =IF(LEFT(A8,LEN(SUBSTITUTE(E8,"BAI_",""))+LEN(D8)+2)=SUBSTITUTE(E8,"BAI_","")&"_"&D8&"_","ĐẠT","LỆCH") -> ĐẠT | I8: =IF(SUMPRODUCT((LOAI_XE!$A$2:$A$1000=D8)*(LOAI_XE!$B$2:$B$1000=E8))>0,"ĐẠT","LỆCH") -> ĐẠT | J8: =IF(LEN(B8)<=20,"ĐẠT","LỆCH") -> ĐẠT | K8: =IF(F8<=1,"ĐẠT","LỆCH") -> ĐẠT
A9: BT_XM_02 | B9: Hầm B1 - Zone 1 | C9: =IF(F9>0,"Đã đỗ","Trống") -> Trống | D9: XM | E9: BAI_BT | F9: =SUMPRODUCT((LUOT_GUI!$F$2:$F$1000=A9)*(LEN(LUOT_GUI!$E$2:$E$1000)=0)) -> 0 | G9: =IF(SUMPRODUCT(--(VI_TRI_DO!$A$2:$A$1000=A9))=1,"ĐẠT","LỆCH") -> ĐẠT | H9: =IF(LEFT(A9,LEN(SUBSTITUTE(E9,"BAI_",""))+LEN(D9)+2)=SUBSTITUTE(E9,"BAI_","")&"_"&D9&"_","ĐẠT","LỆCH") -> ĐẠT | I9: =IF(SUMPRODUCT((LOAI_XE!$A$2:$A$1000=D9)*(LOAI_XE!$B$2:$B$1000=E9))>0,"ĐẠT","LỆCH") -> ĐẠT | J9: =IF(LEN(B9)<=20,"ĐẠT","LỆCH") -> ĐẠT | K9: =IF(F9<=1,"ĐẠT","LỆCH") -> ĐẠT
A10: BT_XM_03 | B10: Hầm B1 - Zone 2 | C10: =IF(F10>0,"Đã đỗ","Trống") -> Trống | D10: XM | E10: BAI_BT | F10: =SUMPRODUCT((LUOT_GUI!$F$2:$F$1000=A10)*(LEN(LUOT_GUI!$E$2:$E$1000)=0)) -> 0 | G10: =IF(SUMPRODUCT(--(VI_TRI_DO!$A$2:$A$1000=A10))=1,"ĐẠT","LỆCH") -> ĐẠT | H10: =IF(LEFT(A10,LEN(SUBSTITUTE(E10,"BAI_",""))+LEN(D10)+2)=SUBSTITUTE(E10,"BAI_","")&"_"&D10&"_","ĐẠT","LỆCH") -> ĐẠT | I10: =IF(SUMPRODUCT((LOAI_XE!$A$2:$A$1000=D10)*(LOAI_XE!$B$2:$B$1000=E10))>0,"ĐẠT","LỆCH") -> ĐẠT | J10: =IF(LEN(B10)<=20,"ĐẠT","LỆCH") -> ĐẠT | K10: =IF(F10<=1,"ĐẠT","LỆCH") -> ĐẠT
A11: BT_XM_04 | B11: Hầm B1 - Zone 2 | C11: =IF(F11>0,"Đã đỗ","Trống") -> Trống | D11: XM | E11: BAI_BT | F11: =SUMPRODUCT((LUOT_GUI!$F$2:$F$1000=A11)*(LEN(LUOT_GUI!$E$2:$E$1000)=0)) -> 0 | G11: =IF(SUMPRODUCT(--(VI_TRI_DO!$A$2:$A$1000=A11))=1,"ĐẠT","LỆCH") -> ĐẠT | H11: =IF(LEFT(A11,LEN(SUBSTITUTE(E11,"BAI_",""))+LEN(D11)+2)=SUBSTITUTE(E11,"BAI_","")&"_"&D11&"_","ĐẠT","LỆCH") -> ĐẠT | I11: =IF(SUMPRODUCT((LOAI_XE!$A$2:$A$1000=D11)*(LOAI_XE!$B$2:$B$1000=E11))>0,"ĐẠT","LỆCH") -> ĐẠT | J11: =IF(LEN(B11)<=20,"ĐẠT","LỆCH") -> ĐẠT | K11: =IF(F11<=1,"ĐẠT","LỆCH") -> ĐẠT
A12: BT_XM_05 | B12: Hầm B1 - Zone 3 | C12: =IF(F12>0,"Đã đỗ","Trống") -> Trống | D12: XM | E12: BAI_BT | F12: =SUMPRODUCT((LUOT_GUI!$F$2:$F$1000=A12)*(LEN(LUOT_GUI!$E$2:$E$1000)=0)) -> 0 | G12: =IF(SUMPRODUCT(--(VI_TRI_DO!$A$2:$A$1000=A12))=1,"ĐẠT","LỆCH") -> ĐẠT | H12: =IF(LEFT(A12,LEN(SUBSTITUTE(E12,"BAI_",""))+LEN(D12)+2)=SUBSTITUTE(E12,"BAI_","")&"_"&D12&"_","ĐẠT","LỆCH") -> ĐẠT | I12: =IF(SUMPRODUCT((LOAI_XE!$A$2:$A$1000=D12)*(LOAI_XE!$B$2:$B$1000=E12))>0,"ĐẠT","LỆCH") -> ĐẠT | J12: =IF(LEN(B12)<=20,"ĐẠT","LỆCH") -> ĐẠT | K12: =IF(F12<=1,"ĐẠT","LỆCH") -> ĐẠT
A13: BT_XM_06 | B13: Hầm B1 - Zone 3 | C13: =IF(F13>0,"Đã đỗ","Trống") -> Trống | D13: XM | E13: BAI_BT | F13: =SUMPRODUCT((LUOT_GUI!$F$2:$F$1000=A13)*(LEN(LUOT_GUI!$E$2:$E$1000)=0)) -> 0 | G13: =IF(SUMPRODUCT(--(VI_TRI_DO!$A$2:$A$1000=A13))=1,"ĐẠT","LỆCH") -> ĐẠT | H13: =IF(LEFT(A13,LEN(SUBSTITUTE(E13,"BAI_",""))+LEN(D13)+2)=SUBSTITUTE(E13,"BAI_","")&"_"&D13&"_","ĐẠT","LỆCH") -> ĐẠT | I13: =IF(SUMPRODUCT((LOAI_XE!$A$2:$A$1000=D13)*(LOAI_XE!$B$2:$B$1000=E13))>0,"ĐẠT","LỆCH") -> ĐẠT | J13: =IF(LEN(B13)<=20,"ĐẠT","LỆCH") -> ĐẠT | K13: =IF(F13<=1,"ĐẠT","LỆCH") -> ĐẠT
... A61: TB_XM_06 | B61: Tầng lửng - Xe máy | C61: =IF(F61>0,"Đã đỗ","Trống") -> Trống | D61: XM | E61: BAI_TB | F61: =SUMPRODUCT((LUOT_GUI!$F$2:$F$1000=A61)*(LEN(LUOT_GUI!$E$2:$E$1000)=0)) -> 0 | G61: =IF(SUMPRODUCT(--(VI_TRI_DO!$A$2:$A$1000=A61))=1,"ĐẠT","LỆCH") -> ĐẠT | H61: =IF(LEFT(A61,LEN(SUBSTITUTE(E61,"BAI_",""))+LEN(D61)+2)=SUBSTITUTE(E61,"BAI_","")&"_"&D61&"_","ĐẠT","LỆCH") -> ĐẠT | I61: =IF(SUMPRODUCT((LOAI_XE!$A$2:$A$1000=D61)*(LOAI_XE!$B$2:$B$1000=E61))>0,"ĐẠT","LỆCH") -> ĐẠT | J61: =IF(LEN(B61)<=20,"ĐẠT","LỆCH") -> ĐẠT | K61: =IF(F61<=1,"ĐẠT","LỆCH") -> ĐẠT

Sheet THE_XE
A1: MaThe | B1: MaBai | C1: LoaiThe | D1: TrangThai | E1: NgayCap | F1: NgayCapCoDinh | G1: NgayCapTruocNapNgay | H1: LuotDangMo | I1: MaVe | J1: NgayHetHanVe | K1: TrangThaiVe | L1: MaBaiApDungVe | M1: KetQuaQuetCheckIn | N1: KT_PK | O1: KT_DinhDangMa | P1: KT_FK_MaBai | Q1: KT_TheThangCoVe | R1: KT_MotLuotMo | S1: KT_TheHongKhongDangDo
A2: THE0001 | B2: BAI_Q1 | C2: Lượt | D2: Hoạt động | E2: =IF(LEN(G2)>0,INT(ThoiDiemNap)-G2,F2) -> 46023 | F2: 46023 | H2: =SUMPRODUCT((LUOT_GUI!$B$2:$B$1000=A2)*(LEN(LUOT_GUI!$E$2:$E$1000)=0)) -> 1 | I2: =IFERROR(INDEX(VE_THANG!$A$2:$A$1000,MATCH(A2,VE_THANG!$B$2:$B$1000,0)),"") | J2: =IFERROR(INDEX(VE_THANG!$G$2:$G$1000,MATCH(A2,VE_THANG!$B$2:$B$1000,0)),"") | K2: =IFERROR(INDEX(VE_THANG!$H$2:$H$1000,MATCH(A2,VE_THANG!$B$2:$B$1000,0)),"") | L2: =IFERROR(INDEX(VE_THANG!$I$2:$I$1000,MATCH(A2,VE_THANG!$B$2:$B$1000,0)),"") | M2: =IF(OR(D2="Bị khóa",D2="Mất"),"CHẶN 50002 - Thẻ khóa/mất",IF(AND(C2="Tháng",I2<>"",OR(AND(ISNUMBER(J2),J2<INT(ThoiDiemTinh)),K2="Hết hạn")),"CHẶN 50003 - Vé tháng hết hạn",IF(H2>0,"Đang trong bãi - quét để RA",IF(L2="","Cho phép VÀO tại "&B2,IF(L2="ALL","Cho phép VÀO mọi bãi (vé toàn chuỗi)","Cho phép VÀO chỉ tại "&L2))))) -> Đang trong bãi - quét để RA | N2: =IF(SUMPRODUCT(--(THE_XE!$A$2:$A$1000=A2))=1,"ĐẠT","LỆCH") -> ĐẠT | O2: =IF(AND(LEN(A2)=7,LEFT(A2,3)="THE",ISNUMBER(-MID(A2,4,4)),ISERROR(FIND(".",MID(A2,4,4)))),"ĐẠT","LỆCH") -> ĐẠT | P2: =IF(SUMPRODUCT(--(BAI_DO_XE!$A$2:$A$1000=B2))>0,"ĐẠT","LỆCH") -> ĐẠT | Q2: =IF(C2="Tháng",IF(I2<>"","ĐẠT","LỆCH"),"ĐẠT") -> ĐẠT | R2: =IF(H2<=1,"ĐẠT","LỆCH") -> ĐẠT | S2: =IF(D2="Hoạt động","ĐẠT",IF(H2=0,"ĐẠT","LỆCH")) -> ĐẠT
A3: THE0002 | B3: BAI_Q1 | C3: Tháng | D3: Hoạt động | E3: =IF(LEN(G3)>0,INT(ThoiDiemNap)-G3,F3) -> 46023 | F3: 46023 | H3: =SUMPRODUCT((LUOT_GUI!$B$2:$B$1000=A3)*(LEN(LUOT_GUI!$E$2:$E$1000)=0)) -> 1 | I3: =IFERROR(INDEX(VE_THANG!$A$2:$A$1000,MATCH(A3,VE_THANG!$B$2:$B$1000,0)),"") -> V0001 | J3: =IFERROR(INDEX(VE_THANG!$G$2:$G$1000,MATCH(A3,VE_THANG!$B$2:$B$1000,0)),"") -> 46388 | K3: =IFERROR(INDEX(VE_THANG!$H$2:$H$1000,MATCH(A3,VE_THANG!$B$2:$B$1000,0)),"") -> Hoạt động | L3: =IFERROR(INDEX(VE_THANG!$I$2:$I$1000,MATCH(A3,VE_THANG!$B$2:$B$1000,0)),"") -> BAI_Q1 | M3: =IF(OR(D3="Bị khóa",D3="Mất"),"CHẶN 50002 - Thẻ khóa/mất",IF(AND(C3="Tháng",I3<>"",OR(AND(ISNUMBER(J3),J3<INT(ThoiDiemTinh)),K3="Hết hạn")),"CHẶN 50003 - Vé tháng hết hạn",IF(H3>0,"Đang trong bãi - quét để RA",IF(L3="","Cho phép VÀO tại "&B3,IF(L3="ALL","Cho phép VÀO mọi bãi (vé toàn chuỗi)","Cho phép VÀO chỉ tại "&L3))))) -> Đang trong bãi - quét để RA | N3: =IF(SUMPRODUCT(--(THE_XE!$A$2:$A$1000=A3))=1,"ĐẠT","LỆCH") -> ĐẠT | O3: =IF(AND(LEN(A3)=7,LEFT(A3,3)="THE",ISNUMBER(-MID(A3,4,4)),ISERROR(FIND(".",MID(A3,4,4)))),"ĐẠT","LỆCH") -> ĐẠT | P3: =IF(SUMPRODUCT(--(BAI_DO_XE!$A$2:$A$1000=B3))>0,"ĐẠT","LỆCH") -> ĐẠT | Q3: =IF(C3="Tháng",IF(I3<>"","ĐẠT","LỆCH"),"ĐẠT") -> ĐẠT | R3: =IF(H3<=1,"ĐẠT","LỆCH") -> ĐẠT | S3: =IF(D3="Hoạt động","ĐẠT",IF(H3=0,"ĐẠT","LỆCH")) -> ĐẠT
A4: THE0003 | B4: BAI_Q1 | C4: Lượt | D4: Hoạt động | E4: =IF(LEN(G4)>0,INT(ThoiDiemNap)-G4,F4) -> 46027 | F4: 46027 | H4: =SUMPRODUCT((LUOT_GUI!$B$2:$B$1000=A4)*(LEN(LUOT_GUI!$E$2:$E$1000)=0)) -> 0 | I4: =IFERROR(INDEX(VE_THANG!$A$2:$A$1000,MATCH(A4,VE_THANG!$B$2:$B$1000,0)),"") | J4: =IFERROR(INDEX(VE_THANG!$G$2:$G$1000,MATCH(A4,VE_THANG!$B$2:$B$1000,0)),"") | K4: =IFERROR(INDEX(VE_THANG!$H$2:$H$1000,MATCH(A4,VE_THANG!$B$2:$B$1000,0)),"") | L4: =IFERROR(INDEX(VE_THANG!$I$2:$I$1000,MATCH(A4,VE_THANG!$B$2:$B$1000,0)),"") | M4: =IF(OR(D4="Bị khóa",D4="Mất"),"CHẶN 50002 - Thẻ khóa/mất",IF(AND(C4="Tháng",I4<>"",OR(AND(ISNUMBER(J4),J4<INT(ThoiDiemTinh)),K4="Hết hạn")),"CHẶN 50003 - Vé tháng hết hạn",IF(H4>0,"Đang trong bãi - quét để RA",IF(L4="","Cho phép VÀO tại "&B4,IF(L4="ALL","Cho phép VÀO mọi bãi (vé toàn chuỗi)","Cho phép VÀO chỉ tại "&L4))))) -> Cho phép VÀO tại BAI_Q1 | N4: =IF(SUMPRODUCT(--(THE_XE!$A$2:$A$1000=A4))=1,"ĐẠT","LỆCH") -> ĐẠT | O4: =IF(AND(LEN(A4)=7,LEFT(A4,3)="THE",ISNUMBER(-MID(A4,4,4)),ISERROR(FIND(".",MID(A4,4,4)))),"ĐẠT","LỆCH") -> ĐẠT | P4: =IF(SUMPRODUCT(--(BAI_DO_XE!$A$2:$A$1000=B4))>0,"ĐẠT","LỆCH") -> ĐẠT | Q4: =IF(C4="Tháng",IF(I4<>"","ĐẠT","LỆCH"),"ĐẠT") -> ĐẠT | R4: =IF(H4<=1,"ĐẠT","LỆCH") -> ĐẠT | S4: =IF(D4="Hoạt động","ĐẠT",IF(H4=0,"ĐẠT","LỆCH")) -> ĐẠT
A5: THE0004 | B5: BAI_Q1 | C5: Tháng | D5: Hoạt động | E5: =IF(LEN(G5)>0,INT(ThoiDiemNap)-G5,F5) -> 46032 | F5: 46032 | H5: =SUMPRODUCT((LUOT_GUI!$B$2:$B$1000=A5)*(LEN(LUOT_GUI!$E$2:$E$1000)=0)) -> 0 | I5: =IFERROR(INDEX(VE_THANG!$A$2:$A$1000,MATCH(A5,VE_THANG!$B$2:$B$1000,0)),"") -> V0002 | J5: =IFERROR(INDEX(VE_THANG!$G$2:$G$1000,MATCH(A5,VE_THANG!$B$2:$B$1000,0)),"") -> 46305 | K5: =IFERROR(INDEX(VE_THANG!$H$2:$H$1000,MATCH(A5,VE_THANG!$B$2:$B$1000,0)),"") -> Hoạt động | L5: =IFERROR(INDEX(VE_THANG!$I$2:$I$1000,MATCH(A5,VE_THANG!$B$2:$B$1000,0)),"") -> BAI_Q1 | M5: =IF(OR(D5="Bị khóa",D5="Mất"),"CHẶN 50002 - Thẻ khóa/mất",IF(AND(C5="Tháng",I5<>"",OR(AND(ISNUMBER(J5),J5<INT(ThoiDiemTinh)),K5="Hết hạn")),"CHẶN 50003 - Vé tháng hết hạn",IF(H5>0,"Đang trong bãi - quét để RA",IF(L5="","Cho phép VÀO tại "&B5,IF(L5="ALL","Cho phép VÀO mọi bãi (vé toàn chuỗi)","Cho phép VÀO chỉ tại "&L5))))) -> Cho phép VÀO chỉ tại BAI_Q1 | N5: =IF(SUMPRODUCT(--(THE_XE!$A$2:$A$1000=A5))=1,"ĐẠT","LỆCH") -> ĐẠT | O5: =IF(AND(LEN(A5)=7,LEFT(A5,3)="THE",ISNUMBER(-MID(A5,4,4)),ISERROR(FIND(".",MID(A5,4,4)))),"ĐẠT","LỆCH") -> ĐẠT | P5: =IF(SUMPRODUCT(--(BAI_DO_XE!$A$2:$A$1000=B5))>0,"ĐẠT","LỆCH") -> ĐẠT | Q5: =IF(C5="Tháng",IF(I5<>"","ĐẠT","LỆCH"),"ĐẠT") -> ĐẠT | R5: =IF(H5<=1,"ĐẠT","LỆCH") -> ĐẠT | S5: =IF(D5="Hoạt động","ĐẠT",IF(H5=0,"ĐẠT","LỆCH")) -> ĐẠT
A6: THE0005 | B6: BAI_Q1 | C6: Lượt | D6: Bị khóa | E6: =IF(LEN(G6)>0,INT(ThoiDiemNap)-G6,F6) -> 46034 | F6: 46034 | H6: =SUMPRODUCT((LUOT_GUI!$B$2:$B$1000=A6)*(LEN(LUOT_GUI!$E$2:$E$1000)=0)) -> 0 | I6: =IFERROR(INDEX(VE_THANG!$A$2:$A$1000,MATCH(A6,VE_THANG!$B$2:$B$1000,0)),"") | J6: =IFERROR(INDEX(VE_THANG!$G$2:$G$1000,MATCH(A6,VE_THANG!$B$2:$B$1000,0)),"") | K6: =IFERROR(INDEX(VE_THANG!$H$2:$H$1000,MATCH(A6,VE_THANG!$B$2:$B$1000,0)),"") | L6: =IFERROR(INDEX(VE_THANG!$I$2:$I$1000,MATCH(A6,VE_THANG!$B$2:$B$1000,0)),"") | M6: =IF(OR(D6="Bị khóa",D6="Mất"),"CHẶN 50002 - Thẻ khóa/mất",IF(AND(C6="Tháng",I6<>"",OR(AND(ISNUMBER(J6),J6<INT(ThoiDiemTinh)),K6="Hết hạn")),"CHẶN 50003 - Vé tháng hết hạn",IF(H6>0,"Đang trong bãi - quét để RA",IF(L6="","Cho phép VÀO tại "&B6,IF(L6="ALL","Cho phép VÀO mọi bãi (vé toàn chuỗi)","Cho phép VÀO chỉ tại "&L6))))) -> CHẶN 50002 - Thẻ khóa/mất | N6: =IF(SUMPRODUCT(--(THE_XE!$A$2:$A$1000=A6))=1,"ĐẠT","LỆCH") -> ĐẠT | O6: =IF(AND(LEN(A6)=7,LEFT(A6,3)="THE",ISNUMBER(-MID(A6,4,4)),ISERROR(FIND(".",MID(A6,4,4)))),"ĐẠT","LỆCH") -> ĐẠT | P6: =IF(SUMPRODUCT(--(BAI_DO_XE!$A$2:$A$1000=B6))>0,"ĐẠT","LỆCH") -> ĐẠT | Q6: =IF(C6="Tháng",IF(I6<>"","ĐẠT","LỆCH"),"ĐẠT") -> ĐẠT | R6: =IF(H6<=1,"ĐẠT","LỆCH") -> ĐẠT | S6: =IF(D6="Hoạt động","ĐẠT",IF(H6=0,"ĐẠT","LỆCH")) -> ĐẠT
A7: THE0006 | B7: BAI_Q1 | C7: Lượt | D7: Mất | E7: =IF(LEN(G7)>0,INT(ThoiDiemNap)-G7,F7) -> 46037 | F7: 46037 | H7: =SUMPRODUCT((LUOT_GUI!$B$2:$B$1000=A7)*(LEN(LUOT_GUI!$E$2:$E$1000)=0)) -> 0 | I7: =IFERROR(INDEX(VE_THANG!$A$2:$A$1000,MATCH(A7,VE_THANG!$B$2:$B$1000,0)),"") | J7: =IFERROR(INDEX(VE_THANG!$G$2:$G$1000,MATCH(A7,VE_THANG!$B$2:$B$1000,0)),"") | K7: =IFERROR(INDEX(VE_THANG!$H$2:$H$1000,MATCH(A7,VE_THANG!$B$2:$B$1000,0)),"") | L7: =IFERROR(INDEX(VE_THANG!$I$2:$I$1000,MATCH(A7,VE_THANG!$B$2:$B$1000,0)),"") | M7: =IF(OR(D7="Bị khóa",D7="Mất"),"CHẶN 50002 - Thẻ khóa/mất",IF(AND(C7="Tháng",I7<>"",OR(AND(ISNUMBER(J7),J7<INT(ThoiDiemTinh)),K7="Hết hạn")),"CHẶN 50003 - Vé tháng hết hạn",IF(H7>0,"Đang trong bãi - quét để RA",IF(L7="","Cho phép VÀO tại "&B7,IF(L7="ALL","Cho phép VÀO mọi bãi (vé toàn chuỗi)","Cho phép VÀO chỉ tại "&L7))))) -> CHẶN 50002 - Thẻ khóa/mất | N7: =IF(SUMPRODUCT(--(THE_XE!$A$2:$A$1000=A7))=1,"ĐẠT","LỆCH") -> ĐẠT | O7: =IF(AND(LEN(A7)=7,LEFT(A7,3)="THE",ISNUMBER(-MID(A7,4,4)),ISERROR(FIND(".",MID(A7,4,4)))),"ĐẠT","LỆCH") -> ĐẠT | P7: =IF(SUMPRODUCT(--(BAI_DO_XE!$A$2:$A$1000=B7))>0,"ĐẠT","LỆCH") -> ĐẠT | Q7: =IF(C7="Tháng",IF(I7<>"","ĐẠT","LỆCH"),"ĐẠT") -> ĐẠT | R7: =IF(H7<=1,"ĐẠT","LỆCH") -> ĐẠT | S7: =IF(D7="Hoạt động","ĐẠT",IF(H7=0,"ĐẠT","LỆCH")) -> ĐẠT
A8: THE0007 | B8: BAI_Q3 | C8: Lượt | D8: Hoạt động | E8: =IF(LEN(G8)>0,INT(ThoiDiemNap)-G8,F8) -> 46023 | F8: 46023 | H8: =SUMPRODUCT((LUOT_GUI!$B$2:$B$1000=A8)*(LEN(LUOT_GUI!$E$2:$E$1000)=0)) -> 1 | I8: =IFERROR(INDEX(VE_THANG!$A$2:$A$1000,MATCH(A8,VE_THANG!$B$2:$B$1000,0)),"") | J8: =IFERROR(INDEX(VE_THANG!$G$2:$G$1000,MATCH(A8,VE_THANG!$B$2:$B$1000,0)),"") | K8: =IFERROR(INDEX(VE_THANG!$H$2:$H$1000,MATCH(A8,VE_THANG!$B$2:$B$1000,0)),"") | L8: =IFERROR(INDEX(VE_THANG!$I$2:$I$1000,MATCH(A8,VE_THANG!$B$2:$B$1000,0)),"") | M8: =IF(OR(D8="Bị khóa",D8="Mất"),"CHẶN 50002 - Thẻ khóa/mất",IF(AND(C8="Tháng",I8<>"",OR(AND(ISNUMBER(J8),J8<INT(ThoiDiemTinh)),K8="Hết hạn")),"CHẶN 50003 - Vé tháng hết hạn",IF(H8>0,"Đang trong bãi - quét để RA",IF(L8="","Cho phép VÀO tại "&B8,IF(L8="ALL","Cho phép VÀO mọi bãi (vé toàn chuỗi)","Cho phép VÀO chỉ tại "&L8))))) -> Đang trong bãi - quét để RA | N8: =IF(SUMPRODUCT(--(THE_XE!$A$2:$A$1000=A8))=1,"ĐẠT","LỆCH") -> ĐẠT | O8: =IF(AND(LEN(A8)=7,LEFT(A8,3)="THE",ISNUMBER(-MID(A8,4,4)),ISERROR(FIND(".",MID(A8,4,4)))),"ĐẠT","LỆCH") -> ĐẠT | P8: =IF(SUMPRODUCT(--(BAI_DO_XE!$A$2:$A$1000=B8))>0,"ĐẠT","LỆCH") -> ĐẠT | Q8: =IF(C8="Tháng",IF(I8<>"","ĐẠT","LỆCH"),"ĐẠT") -> ĐẠT | R8: =IF(H8<=1,"ĐẠT","LỆCH") -> ĐẠT | S8: =IF(D8="Hoạt động","ĐẠT",IF(H8=0,"ĐẠT","LỆCH")) -> ĐẠT
A9: THE0008 | B9: BAI_Q3 | C9: Tháng | D9: Hoạt động | E9: =IF(LEN(G9)>0,INT(ThoiDiemNap)-G9,F9) -> 46025 | F9: 46025 | H9: =SUMPRODUCT((LUOT_GUI!$B$2:$B$1000=A9)*(LEN(LUOT_GUI!$E$2:$E$1000)=0)) -> 0 | I9: =IFERROR(INDEX(VE_THANG!$A$2:$A$1000,MATCH(A9,VE_THANG!$B$2:$B$1000,0)),"") -> V0003 | J9: =IFERROR(INDEX(VE_THANG!$G$2:$G$1000,MATCH(A9,VE_THANG!$B$2:$B$1000,0)),"") -> 46056 | K9: =IFERROR(INDEX(VE_THANG!$H$2:$H$1000,MATCH(A9,VE_THANG!$B$2:$B$1000,0)),"") -> Hết hạn | L9: =IFERROR(INDEX(VE_THANG!$I$2:$I$1000,MATCH(A9,VE_THANG!$B$2:$B$1000,0)),"") -> BAI_Q3 | M9: =IF(OR(D9="Bị khóa",D9="Mất"),"CHẶN 50002 - Thẻ khóa/mất",IF(AND(C9="Tháng",I9<>"",OR(AND(ISNUMBER(J9),J9<INT(ThoiDiemTinh)),K9="Hết hạn")),"CHẶN 50003 - Vé tháng hết hạn",IF(H9>0,"Đang trong bãi - quét để RA",IF(L9="","Cho phép VÀO tại "&B9,IF(L9="ALL","Cho phép VÀO mọi bãi (vé toàn chuỗi)","Cho phép VÀO chỉ tại "&L9))))) -> CHẶN 50003 - Vé tháng hết hạn | N9: =IF(SUMPRODUCT(--(THE_XE!$A$2:$A$1000=A9))=1,"ĐẠT","LỆCH") -> ĐẠT | O9: =IF(AND(LEN(A9)=7,LEFT(A9,3)="THE",ISNUMBER(-MID(A9,4,4)),ISERROR(FIND(".",MID(A9,4,4)))),"ĐẠT","LỆCH") -> ĐẠT | P9: =IF(SUMPRODUCT(--(BAI_DO_XE!$A$2:$A$1000=B9))>0,"ĐẠT","LỆCH") -> ĐẠT | Q9: =IF(C9="Tháng",IF(I9<>"","ĐẠT","LỆCH"),"ĐẠT") -> ĐẠT | R9: =IF(H9<=1,"ĐẠT","LỆCH") -> ĐẠT | S9: =IF(D9="Hoạt động","ĐẠT",IF(H9=0,"ĐẠT","LỆCH")) -> ĐẠT
A10: THE0009 | B10: BAI_Q3 | C10: Lượt | D10: Hoạt động | E10: =IF(LEN(G10)>0,INT(ThoiDiemNap)-G10,F10) -> 46027 | F10: 46027 | H10: =SUMPRODUCT((LUOT_GUI!$B$2:$B$1000=A10)*(LEN(LUOT_GUI!$E$2:$E$1000)=0)) -> 0 | I10: =IFERROR(INDEX(VE_THANG!$A$2:$A$1000,MATCH(A10,VE_THANG!$B$2:$B$1000,0)),"") | J10: =IFERROR(INDEX(VE_THANG!$G$2:$G$1000,MATCH(A10,VE_THANG!$B$2:$B$1000,0)),"") | K10: =IFERROR(INDEX(VE_THANG!$H$2:$H$1000,MATCH(A10,VE_THANG!$B$2:$B$1000,0)),"") | L10: =IFERROR(INDEX(VE_THANG!$I$2:$I$1000,MATCH(A10,VE_THANG!$B$2:$B$1000,0)),"") | M10: =IF(OR(D10="Bị khóa",D10="Mất"),"CHẶN 50002 - Thẻ khóa/mất",IF(AND(C10="Tháng",I10<>"",OR(AND(ISNUMBER(J10),J10<INT(ThoiDiemTinh)),K10="Hết hạn")),"CHẶN 50003 - Vé tháng hết hạn",IF(H10>0,"Đang trong bãi - quét để RA",IF(L10="","Cho phép VÀO tại "&B10,IF(L10="ALL","Cho phép VÀO mọi bãi (vé toàn chuỗi)","Cho phép VÀO chỉ tại "&L10))))) -> Cho phép VÀO tại BAI_Q3 | N10: =IF(SUMPRODUCT(--(THE_XE!$A$2:$A$1000=A10))=1,"ĐẠT","LỆCH") -> ĐẠT | O10: =IF(AND(LEN(A10)=7,LEFT(A10,3)="THE",ISNUMBER(-MID(A10,4,4)),ISERROR(FIND(".",MID(A10,4,4)))),"ĐẠT","LỆCH") -> ĐẠT | P10: =IF(SUMPRODUCT(--(BAI_DO_XE!$A$2:$A$1000=B10))>0,"ĐẠT","LỆCH") -> ĐẠT | Q10: =IF(C10="Tháng",IF(I10<>"","ĐẠT","LỆCH"),"ĐẠT") -> ĐẠT | R10: =IF(H10<=1,"ĐẠT","LỆCH") -> ĐẠT | S10: =IF(D10="Hoạt động","ĐẠT",IF(H10=0,"ĐẠT","LỆCH")) -> ĐẠT
A11: THE0010 | B11: BAI_Q3 | C11: Tháng | D11: Hoạt động | E11: =IF(LEN(G11)>0,INT(ThoiDiemNap)-G11,F11) -> 46030 | F11: 46030 | H11: =SUMPRODUCT((LUOT_GUI!$B$2:$B$1000=A11)*(LEN(LUOT_GUI!$E$2:$E$1000)=0)) -> 0 | I11: =IFERROR(INDEX(VE_THANG!$A$2:$A$1000,MATCH(A11,VE_THANG!$B$2:$B$1000,0)),"") -> V0004 | J11: =IFERROR(INDEX(VE_THANG!$G$2:$G$1000,MATCH(A11,VE_THANG!$B$2:$B$1000,0)),"") -> 46334 | K11: =IFERROR(INDEX(VE_THANG!$H$2:$H$1000,MATCH(A11,VE_THANG!$B$2:$B$1000,0)),"") -> Hoạt động | L11: =IFERROR(INDEX(VE_THANG!$I$2:$I$1000,MATCH(A11,VE_THANG!$B$2:$B$1000,0)),"") -> ALL | M11: =IF(OR(D11="Bị khóa",D11="Mất"),"CHẶN 50002 - Thẻ khóa/mất",IF(AND(C11="Tháng",I11<>"",OR(AND(ISNUMBER(J11),J11<INT(ThoiDiemTinh)),K11="Hết hạn")),"CHẶN 50003 - Vé tháng hết hạn",IF(H11>0,"Đang trong bãi - quét để RA",IF(L11="","Cho phép VÀO tại "&B11,IF(L11="ALL","Cho phép VÀO mọi bãi (vé toàn chuỗi)","Cho phép VÀO chỉ tại "&L11))))) -> Cho phép VÀO mọi bãi (vé toàn chuỗi) | N11: =IF(SUMPRODUCT(--(THE_XE!$A$2:$A$1000=A11))=1,"ĐẠT","LỆCH") -> ĐẠT | O11: =IF(AND(LEN(A11)=7,LEFT(A11,3)="THE",ISNUMBER(-MID(A11,4,4)),ISERROR(FIND(".",MID(A11,4,4)))),"ĐẠT","LỆCH") -> ĐẠT | P11: =IF(SUMPRODUCT(--(BAI_DO_XE!$A$2:$A$1000=B11))>0,"ĐẠT","LỆCH") -> ĐẠT | Q11: =IF(C11="Tháng",IF(I11<>"","ĐẠT","LỆCH"),"ĐẠT") -> ĐẠT | R11: =IF(H11<=1,"ĐẠT","LỆCH") -> ĐẠT | S11: =IF(D11="Hoạt động","ĐẠT",IF(H11=0,"ĐẠT","LỆCH")) -> ĐẠT
A12: THE0011 | B12: BAI_BT | C12: Lượt | D12: Hoạt động | E12: =IF(LEN(G12)>0,INT(ThoiDiemNap)-G12,F12) -> 46023 | F12: 46023 | H12: =SUMPRODUCT((LUOT_GUI!$B$2:$B$1000=A12)*(LEN(LUOT_GUI!$E$2:$E$1000)=0)) -> 0 | I12: =IFERROR(INDEX(VE_THANG!$A$2:$A$1000,MATCH(A12,VE_THANG!$B$2:$B$1000,0)),"") | J12: =IFERROR(INDEX(VE_THANG!$G$2:$G$1000,MATCH(A12,VE_THANG!$B$2:$B$1000,0)),"") | K12: =IFERROR(INDEX(VE_THANG!$H$2:$H$1000,MATCH(A12,VE_THANG!$B$2:$B$1000,0)),"") | L12: =IFERROR(INDEX(VE_THANG!$I$2:$I$1000,MATCH(A12,VE_THANG!$B$2:$B$1000,0)),"") | M12: =IF(OR(D12="Bị khóa",D12="Mất"),"CHẶN 50002 - Thẻ khóa/mất",IF(AND(C12="Tháng",I12<>"",OR(AND(ISNUMBER(J12),J12<INT(ThoiDiemTinh)),K12="Hết hạn")),"CHẶN 50003 - Vé tháng hết hạn",IF(H12>0,"Đang trong bãi - quét để RA",IF(L12="","Cho phép VÀO tại "&B12,IF(L12="ALL","Cho phép VÀO mọi bãi (vé toàn chuỗi)","Cho phép VÀO chỉ tại "&L12))))) -> Cho phép VÀO tại BAI_BT | N12: =IF(SUMPRODUCT(--(THE_XE!$A$2:$A$1000=A12))=1,"ĐẠT","LỆCH") -> ĐẠT | O12: =IF(AND(LEN(A12)=7,LEFT(A12,3)="THE",ISNUMBER(-MID(A12,4,4)),ISERROR(FIND(".",MID(A12,4,4)))),"ĐẠT","LỆCH") -> ĐẠT | P12: =IF(SUMPRODUCT(--(BAI_DO_XE!$A$2:$A$1000=B12))>0,"ĐẠT","LỆCH") -> ĐẠT | Q12: =IF(C12="Tháng",IF(I12<>"","ĐẠT","LỆCH"),"ĐẠT") -> ĐẠT | R12: =IF(H12<=1,"ĐẠT","LỆCH") -> ĐẠT | S12: =IF(D12="Hoạt động","ĐẠT",IF(H12=0,"ĐẠT","LỆCH")) -> ĐẠT
A13: THE0012 | B13: BAI_BT | C13: Tháng | D13: Hoạt động | E13: =IF(LEN(G13)>0,INT(ThoiDiemNap)-G13,F13) -> 46024 | F13: 46024 | H13: =SUMPRODUCT((LUOT_GUI!$B$2:$B$1000=A13)*(LEN(LUOT_GUI!$E$2:$E$1000)=0)) -> 0 | I13: =IFERROR(INDEX(VE_THANG!$A$2:$A$1000,MATCH(A13,VE_THANG!$B$2:$B$1000,0)),"") -> V0005 | J13: =IFERROR(INDEX(VE_THANG!$G$2:$G$1000,MATCH(A13,VE_THANG!$B$2:$B$1000,0)),"") -> 46389 | K13: =IFERROR(INDEX(VE_THANG!$H$2:$H$1000,MATCH(A13,VE_THANG!$B$2:$B$1000,0)),"") -> Hoạt động | L13: =IFERROR(INDEX(VE_THANG!$I$2:$I$1000,MATCH(A13,VE_THANG!$B$2:$B$1000,0)),"") -> BAI_BT | M13: =IF(OR(D13="Bị khóa",D13="Mất"),"CHẶN 50002 - Thẻ khóa/mất",IF(AND(C13="Tháng",I13<>"",OR(AND(ISNUMBER(J13),J13<INT(ThoiDiemTinh)),K13="Hết hạn")),"CHẶN 50003 - Vé tháng hết hạn",IF(H13>0,"Đang trong bãi - quét để RA",IF(L13="","Cho phép VÀO tại "&B13,IF(L13="ALL","Cho phép VÀO mọi bãi (vé toàn chuỗi)","Cho phép VÀO chỉ tại "&L13))))) -> Cho phép VÀO chỉ tại BAI_BT | N13: =IF(SUMPRODUCT(--(THE_XE!$A$2:$A$1000=A13))=1,"ĐẠT","LỆCH") -> ĐẠT | O13: =IF(AND(LEN(A13)=7,LEFT(A13,3)="THE",ISNUMBER(-MID(A13,4,4)),ISERROR(FIND(".",MID(A13,4,4)))),"ĐẠT","LỆCH") -> ĐẠT | P13: =IF(SUMPRODUCT(--(BAI_DO_XE!$A$2:$A$1000=B13))>0,"ĐẠT","LỆCH") -> ĐẠT | Q13: =IF(C13="Tháng",IF(I13<>"","ĐẠT","LỆCH"),"ĐẠT") -> ĐẠT | R13: =IF(H13<=1,"ĐẠT","LỆCH") -> ĐẠT | S13: =IF(D13="Hoạt động","ĐẠT",IF(H13=0,"ĐẠT","LỆCH")) -> ĐẠT
... A19: THE0018 | B19: BAI_TB | C19: Lượt | D19: Hoạt động | E19: =IF(LEN(G19)>0,INT(ThoiDiemNap)-G19,F19) -> 46054 | F19: 46054 | H19: =SUMPRODUCT((LUOT_GUI!$B$2:$B$1000=A19)*(LEN(LUOT_GUI!$E$2:$E$1000)=0)) -> 1 | I19: =IFERROR(INDEX(VE_THANG!$A$2:$A$1000,MATCH(A19,VE_THANG!$B$2:$B$1000,0)),"") | J19: =IFERROR(INDEX(VE_THANG!$G$2:$G$1000,MATCH(A19,VE_THANG!$B$2:$B$1000,0)),"") | K19: =IFERROR(INDEX(VE_THANG!$H$2:$H$1000,MATCH(A19,VE_THANG!$B$2:$B$1000,0)),"") | L19: =IFERROR(INDEX(VE_THANG!$I$2:$I$1000,MATCH(A19,VE_THANG!$B$2:$B$1000,0)),"") | M19: =IF(OR(D19="Bị khóa",D19="Mất"),"CHẶN 50002 - Thẻ khóa/mất",IF(AND(C19="Tháng",I19<>"",OR(AND(ISNUMBER(J19),J19<INT(ThoiDiemTinh)),K19="Hết hạn")),"CHẶN 50003 - Vé tháng hết hạn",IF(H19>0,"Đang trong bãi - quét để RA",IF(L19="","Cho phép VÀO tại "&B19,IF(L19="ALL","Cho phép VÀO mọi bãi (vé toàn chuỗi)","Cho phép VÀO chỉ tại "&L19))))) -> Đang trong bãi - quét để RA | N19: =IF(SUMPRODUCT(--(THE_XE!$A$2:$A$1000=A19))=1,"ĐẠT","LỆCH") -> ĐẠT | O19: =IF(AND(LEN(A19)=7,LEFT(A19,3)="THE",ISNUMBER(-MID(A19,4,4)),ISERROR(FIND(".",MID(A19,4,4)))),"ĐẠT","LỆCH") -> ĐẠT | P19: =IF(SUMPRODUCT(--(BAI_DO_XE!$A$2:$A$1000=B19))>0,"ĐẠT","LỆCH") -> ĐẠT | Q19: =IF(C19="Tháng",IF(I19<>"","ĐẠT","LỆCH"),"ĐẠT") -> ĐẠT | R19: =IF(H19<=1,"ĐẠT","LỆCH") -> ĐẠT | S19: =IF(D19="Hoạt động","ĐẠT",IF(H19=0,"ĐẠT","LỆCH")) -> ĐẠT
A20: THE0019 | B20: BAI_TB | C20: Tháng | D20: Hoạt động | E20: =IF(LEN(G20)>0,INT(ThoiDiemNap)-G20,F20) -> 46268 | G20: 28 | H20: =SUMPRODUCT((LUOT_GUI!$B$2:$B$1000=A20)*(LEN(LUOT_GUI!$E$2:$E$1000)=0)) -> 1 | I20: =IFERROR(INDEX(VE_THANG!$A$2:$A$1000,MATCH(A20,VE_THANG!$B$2:$B$1000,0)),"") -> V0007 | J20: =IFERROR(INDEX(VE_THANG!$G$2:$G$1000,MATCH(A20,VE_THANG!$B$2:$B$1000,0)),"") -> 46298 | K20: =IFERROR(INDEX(VE_THANG!$H$2:$H$1000,MATCH(A20,VE_THANG!$B$2:$B$1000,0)),"") -> Hoạt động | L20: =IFERROR(INDEX(VE_THANG!$I$2:$I$1000,MATCH(A20,VE_THANG!$B$2:$B$1000,0)),"") -> BAI_TB | M20: =IF(OR(D20="Bị khóa",D20="Mất"),"CHẶN 50002 - Thẻ khóa/mất",IF(AND(C20="Tháng",I20<>"",OR(AND(ISNUMBER(J20),J20<INT(ThoiDiemTinh)),K20="Hết hạn")),"CHẶN 50003 - Vé tháng hết hạn",IF(H20>0,"Đang trong bãi - quét để RA",IF(L20="","Cho phép VÀO tại "&B20,IF(L20="ALL","Cho phép VÀO mọi bãi (vé toàn chuỗi)","Cho phép VÀO chỉ tại "&L20))))) -> Đang trong bãi - quét để RA | N20: =IF(SUMPRODUCT(--(THE_XE!$A$2:$A$1000=A20))=1,"ĐẠT","LỆCH") -> ĐẠT | O20: =IF(AND(LEN(A20)=7,LEFT(A20,3)="THE",ISNUMBER(-MID(A20,4,4)),ISERROR(FIND(".",MID(A20,4,4)))),"ĐẠT","LỆCH") -> ĐẠT | P20: =IF(SUMPRODUCT(--(BAI_DO_XE!$A$2:$A$1000=B20))>0,"ĐẠT","LỆCH") -> ĐẠT | Q20: =IF(C20="Tháng",IF(I20<>"","ĐẠT","LỆCH"),"ĐẠT") -> ĐẠT | R20: =IF(H20<=1,"ĐẠT","LỆCH") -> ĐẠT | S20: =IF(D20="Hoạt động","ĐẠT",IF(H20=0,"ĐẠT","LỆCH")) -> ĐẠT
A21: THE0020 | B21: BAI_TB | C21: Lượt | D21: Bị khóa | E21: =IF(LEN(G21)>0,INT(ThoiDiemNap)-G21,F21) -> 46063 | F21: 46063 | H21: =SUMPRODUCT((LUOT_GUI!$B$2:$B$1000=A21)*(LEN(LUOT_GUI!$E$2:$E$1000)=0)) -> 0 | I21: =IFERROR(INDEX(VE_THANG!$A$2:$A$1000,MATCH(A21,VE_THANG!$B$2:$B$1000,0)),"") | J21: =IFERROR(INDEX(VE_THANG!$G$2:$G$1000,MATCH(A21,VE_THANG!$B$2:$B$1000,0)),"") | K21: =IFERROR(INDEX(VE_THANG!$H$2:$H$1000,MATCH(A21,VE_THANG!$B$2:$B$1000,0)),"") | L21: =IFERROR(INDEX(VE_THANG!$I$2:$I$1000,MATCH(A21,VE_THANG!$B$2:$B$1000,0)),"") | M21: =IF(OR(D21="Bị khóa",D21="Mất"),"CHẶN 50002 - Thẻ khóa/mất",IF(AND(C21="Tháng",I21<>"",OR(AND(ISNUMBER(J21),J21<INT(ThoiDiemTinh)),K21="Hết hạn")),"CHẶN 50003 - Vé tháng hết hạn",IF(H21>0,"Đang trong bãi - quét để RA",IF(L21="","Cho phép VÀO tại "&B21,IF(L21="ALL","Cho phép VÀO mọi bãi (vé toàn chuỗi)","Cho phép VÀO chỉ tại "&L21))))) -> CHẶN 50002 - Thẻ khóa/mất | N21: =IF(SUMPRODUCT(--(THE_XE!$A$2:$A$1000=A21))=1,"ĐẠT","LỆCH") -> ĐẠT | O21: =IF(AND(LEN(A21)=7,LEFT(A21,3)="THE",ISNUMBER(-MID(A21,4,4)),ISERROR(FIND(".",MID(A21,4,4)))),"ĐẠT","LỆCH") -> ĐẠT | P21: =IF(SUMPRODUCT(--(BAI_DO_XE!$A$2:$A$1000=B21))>0,"ĐẠT","LỆCH") -> ĐẠT | Q21: =IF(C21="Tháng",IF(I21<>"","ĐẠT","LỆCH"),"ĐẠT") -> ĐẠT | R21: =IF(H21<=1,"ĐẠT","LỆCH") -> ĐẠT | S21: =IF(D21="Hoạt động","ĐẠT",IF(H21=0,"ĐẠT","LỆCH")) -> ĐẠT
A22: THE0021 | B22: BAI_Q7 | C22: Lượt | D22: Hoạt động | E22: =IF(LEN(G22)>0,INT(ThoiDiemNap)-G22,F22) -> 46037 | F22: 46037 | H22: =SUMPRODUCT((LUOT_GUI!$B$2:$B$1000=A22)*(LEN(LUOT_GUI!$E$2:$E$1000)=0)) -> 1 | I22: =IFERROR(INDEX(VE_THANG!$A$2:$A$1000,MATCH(A22,VE_THANG!$B$2:$B$1000,0)),"") | J22: =IFERROR(INDEX(VE_THANG!$G$2:$G$1000,MATCH(A22,VE_THANG!$B$2:$B$1000,0)),"") | K22: =IFERROR(INDEX(VE_THANG!$H$2:$H$1000,MATCH(A22,VE_THANG!$B$2:$B$1000,0)),"") | L22: =IFERROR(INDEX(VE_THANG!$I$2:$I$1000,MATCH(A22,VE_THANG!$B$2:$B$1000,0)),"") | M22: =IF(OR(D22="Bị khóa",D22="Mất"),"CHẶN 50002 - Thẻ khóa/mất",IF(AND(C22="Tháng",I22<>"",OR(AND(ISNUMBER(J22),J22<INT(ThoiDiemTinh)),K22="Hết hạn")),"CHẶN 50003 - Vé tháng hết hạn",IF(H22>0,"Đang trong bãi - quét để RA",IF(L22="","Cho phép VÀO tại "&B22,IF(L22="ALL","Cho phép VÀO mọi bãi (vé toàn chuỗi)","Cho phép VÀO chỉ tại "&L22))))) -> Đang trong bãi - quét để RA | N22: =IF(SUMPRODUCT(--(THE_XE!$A$2:$A$1000=A22))=1,"ĐẠT","LỆCH") -> ĐẠT | O22: =IF(AND(LEN(A22)=7,LEFT(A22,3)="THE",ISNUMBER(-MID(A22,4,4)),ISERROR(FIND(".",MID(A22,4,4)))),"ĐẠT","LỆCH") -> ĐẠT | P22: =IF(SUMPRODUCT(--(BAI_DO_XE!$A$2:$A$1000=B22))>0,"ĐẠT","LỆCH") -> ĐẠT | Q22: =IF(C22="Tháng",IF(I22<>"","ĐẠT","LỆCH"),"ĐẠT") -> ĐẠT | R22: =IF(H22<=1,"ĐẠT","LỆCH") -> ĐẠT | S22: =IF(D22="Hoạt động","ĐẠT",IF(H22=0,"ĐẠT","LỆCH")) -> ĐẠT
A23: THE0022 | B23: BAI_Q7 | C23: Tháng | D23: Hoạt động | E23: =IF(LEN(G23)>0,INT(ThoiDiemNap)-G23,F23) -> 46037 | F23: 46037 | H23: =SUMPRODUCT((LUOT_GUI!$B$2:$B$1000=A23)*(LEN(LUOT_GUI!$E$2:$E$1000)=0)) -> 0 | I23: =IFERROR(INDEX(VE_THANG!$A$2:$A$1000,MATCH(A23,VE_THANG!$B$2:$B$1000,0)),"") -> V0008 | J23: =IFERROR(INDEX(VE_THANG!$G$2:$G$1000,MATCH(A23,VE_THANG!$B$2:$B$1000,0)),"") -> 46218 | K23: =IFERROR(INDEX(VE_THANG!$H$2:$H$1000,MATCH(A23,VE_THANG!$B$2:$B$1000,0)),"") -> Hết hạn | L23: =IFERROR(INDEX(VE_THANG!$I$2:$I$1000,MATCH(A23,VE_THANG!$B$2:$B$1000,0)),"") -> BAI_Q7 | M23: =IF(OR(D23="Bị khóa",D23="Mất"),"CHẶN 50002 - Thẻ khóa/mất",IF(AND(C23="Tháng",I23<>"",OR(AND(ISNUMBER(J23),J23<INT(ThoiDiemTinh)),K23="Hết hạn")),"CHẶN 50003 - Vé tháng hết hạn",IF(H23>0,"Đang trong bãi - quét để RA",IF(L23="","Cho phép VÀO tại "&B23,IF(L23="ALL","Cho phép VÀO mọi bãi (vé toàn chuỗi)","Cho phép VÀO chỉ tại "&L23))))) -> CHẶN 50003 - Vé tháng hết hạn | N23: =IF(SUMPRODUCT(--(THE_XE!$A$2:$A$1000=A23))=1,"ĐẠT","LỆCH") -> ĐẠT | O23: =IF(AND(LEN(A23)=7,LEFT(A23,3)="THE",ISNUMBER(-MID(A23,4,4)),ISERROR(FIND(".",MID(A23,4,4)))),"ĐẠT","LỆCH") -> ĐẠT | P23: =IF(SUMPRODUCT(--(BAI_DO_XE!$A$2:$A$1000=B23))>0,"ĐẠT","LỆCH") -> ĐẠT | Q23: =IF(C23="Tháng",IF(I23<>"","ĐẠT","LỆCH"),"ĐẠT") -> ĐẠT | R23: =IF(H23<=1,"ĐẠT","LỆCH") -> ĐẠT | S23: =IF(D23="Hoạt động","ĐẠT",IF(H23=0,"ĐẠT","LỆCH")) -> ĐẠT
A24: THE0023 | B24: BAI_Q7 | C24: Lượt | D24: Hoạt động | E24: =IF(LEN(G24)>0,INT(ThoiDiemNap)-G24,F24) -> 46037 | F24: 46037 | H24: =SUMPRODUCT((LUOT_GUI!$B$2:$B$1000=A24)*(LEN(LUOT_GUI!$E$2:$E$1000)=0)) -> 0 | I24: =IFERROR(INDEX(VE_THANG!$A$2:$A$1000,MATCH(A24,VE_THANG!$B$2:$B$1000,0)),"") | J24: =IFERROR(INDEX(VE_THANG!$G$2:$G$1000,MATCH(A24,VE_THANG!$B$2:$B$1000,0)),"") | K24: =IFERROR(INDEX(VE_THANG!$H$2:$H$1000,MATCH(A24,VE_THANG!$B$2:$B$1000,0)),"") | L24: =IFERROR(INDEX(VE_THANG!$I$2:$I$1000,MATCH(A24,VE_THANG!$B$2:$B$1000,0)),"") | M24: =IF(OR(D24="Bị khóa",D24="Mất"),"CHẶN 50002 - Thẻ khóa/mất",IF(AND(C24="Tháng",I24<>"",OR(AND(ISNUMBER(J24),J24<INT(ThoiDiemTinh)),K24="Hết hạn")),"CHẶN 50003 - Vé tháng hết hạn",IF(H24>0,"Đang trong bãi - quét để RA",IF(L24="","Cho phép VÀO tại "&B24,IF(L24="ALL","Cho phép VÀO mọi bãi (vé toàn chuỗi)","Cho phép VÀO chỉ tại "&L24))))) -> Cho phép VÀO tại BAI_Q7 | N24: =IF(SUMPRODUCT(--(THE_XE!$A$2:$A$1000=A24))=1,"ĐẠT","LỆCH") -> ĐẠT | O24: =IF(AND(LEN(A24)=7,LEFT(A24,3)="THE",ISNUMBER(-MID(A24,4,4)),ISERROR(FIND(".",MID(A24,4,4)))),"ĐẠT","LỆCH") -> ĐẠT | P24: =IF(SUMPRODUCT(--(BAI_DO_XE!$A$2:$A$1000=B24))>0,"ĐẠT","LỆCH") -> ĐẠT | Q24: =IF(C24="Tháng",IF(I24<>"","ĐẠT","LỆCH"),"ĐẠT") -> ĐẠT | R24: =IF(H24<=1,"ĐẠT","LỆCH") -> ĐẠT | S24: =IF(D24="Hoạt động","ĐẠT",IF(H24=0,"ĐẠT","LỆCH")) -> ĐẠT
A25: THE0024 | B25: BAI_Q7 | C25: Tháng | D25: Hoạt động | E25: =IF(LEN(G25)>0,INT(ThoiDiemNap)-G25,F25) -> 46174 | F25: 46174 | H25: =SUMPRODUCT((LUOT_GUI!$B$2:$B$1000=A25)*(LEN(LUOT_GUI!$E$2:$E$1000)=0)) -> 1 | I25: =IFERROR(INDEX(VE_THANG!$A$2:$A$1000,MATCH(A25,VE_THANG!$B$2:$B$1000,0)),"") -> V0009 | J25: =IFERROR(INDEX(VE_THANG!$G$2:$G$1000,MATCH(A25,VE_THANG!$B$2:$B$1000,0)),"") -> 46357 | K25: =IFERROR(INDEX(VE_THANG!$H$2:$H$1000,MATCH(A25,VE_THANG!$B$2:$B$1000,0)),"") -> Hoạt động | L25: =IFERROR(INDEX(VE_THANG!$I$2:$I$1000,MATCH(A25,VE_THANG!$B$2:$B$1000,0)),"") -> BAI_Q7 | M25: =IF(OR(D25="Bị khóa",D25="Mất"),"CHẶN 50002 - Thẻ khóa/mất",IF(AND(C25="Tháng",I25<>"",OR(AND(ISNUMBER(J25),J25<INT(ThoiDiemTinh)),K25="Hết hạn")),"CHẶN 50003 - Vé tháng hết hạn",IF(H25>0,"Đang trong bãi - quét để RA",IF(L25="","Cho phép VÀO tại "&B25,IF(L25="ALL","Cho phép VÀO mọi bãi (vé toàn chuỗi)","Cho phép VÀO chỉ tại "&L25))))) -> Đang trong bãi - quét để RA | N25: =IF(SUMPRODUCT(--(THE_XE!$A$2:$A$1000=A25))=1,"ĐẠT","LỆCH") -> ĐẠT | O25: =IF(AND(LEN(A25)=7,LEFT(A25,3)="THE",ISNUMBER(-MID(A25,4,4)),ISERROR(FIND(".",MID(A25,4,4)))),"ĐẠT","LỆCH") -> ĐẠT | P25: =IF(SUMPRODUCT(--(BAI_DO_XE!$A$2:$A$1000=B25))>0,"ĐẠT","LỆCH") -> ĐẠT | Q25: =IF(C25="Tháng",IF(I25<>"","ĐẠT","LỆCH"),"ĐẠT") -> ĐẠT | R25: =IF(H25<=1,"ĐẠT","LỆCH") -> ĐẠT | S25: =IF(D25="Hoạt động","ĐẠT",IF(H25=0,"ĐẠT","LỆCH")) -> ĐẠT
A26: THE0025 | B26: BAI_Q7 | C26: Lượt | D26: Mất | E26: =IF(LEN(G26)>0,INT(ThoiDiemNap)-G26,F26) -> 46042 | F26: 46042 | H26: =SUMPRODUCT((LUOT_GUI!$B$2:$B$1000=A26)*(LEN(LUOT_GUI!$E$2:$E$1000)=0)) -> 0 | I26: =IFERROR(INDEX(VE_THANG!$A$2:$A$1000,MATCH(A26,VE_THANG!$B$2:$B$1000,0)),"") | J26: =IFERROR(INDEX(VE_THANG!$G$2:$G$1000,MATCH(A26,VE_THANG!$B$2:$B$1000,0)),"") | K26: =IFERROR(INDEX(VE_THANG!$H$2:$H$1000,MATCH(A26,VE_THANG!$B$2:$B$1000,0)),"") | L26: =IFERROR(INDEX(VE_THANG!$I$2:$I$1000,MATCH(A26,VE_THANG!$B$2:$B$1000,0)),"") | M26: =IF(OR(D26="Bị khóa",D26="Mất"),"CHẶN 50002 - Thẻ khóa/mất",IF(AND(C26="Tháng",I26<>"",OR(AND(ISNUMBER(J26),J26<INT(ThoiDiemTinh)),K26="Hết hạn")),"CHẶN 50003 - Vé tháng hết hạn",IF(H26>0,"Đang trong bãi - quét để RA",IF(L26="","Cho phép VÀO tại "&B26,IF(L26="ALL","Cho phép VÀO mọi bãi (vé toàn chuỗi)","Cho phép VÀO chỉ tại "&L26))))) -> CHẶN 50002 - Thẻ khóa/mất | N26: =IF(SUMPRODUCT(--(THE_XE!$A$2:$A$1000=A26))=1,"ĐẠT","LỆCH") -> ĐẠT | O26: =IF(AND(LEN(A26)=7,LEFT(A26,3)="THE",ISNUMBER(-MID(A26,4,4)),ISERROR(FIND(".",MID(A26,4,4)))),"ĐẠT","LỆCH") -> ĐẠT | P26: =IF(SUMPRODUCT(--(BAI_DO_XE!$A$2:$A$1000=B26))>0,"ĐẠT","LỆCH") -> ĐẠT | Q26: =IF(C26="Tháng",IF(I26<>"","ĐẠT","LỆCH"),"ĐẠT") -> ĐẠT | R26: =IF(H26<=1,"ĐẠT","LỆCH") -> ĐẠT | S26: =IF(D26="Hoạt động","ĐẠT",IF(H26=0,"ĐẠT","LỆCH")) -> ĐẠT

Sheet KHACH_HANG
A1: MaKH | B1: HoTen | C1: SDT | D1: Email | E1: CMND_CCCD | F1: SoVeThang | G1: KT_PK | H1: KT_DinhDangMa | I1: KT_SDTDuyNhat | J1: KT_EmailDuyNhat | K1: KT_CCCDDuyNhat | L1: KT_CCCD12So
A2: KH0001 | B2: Nguyễn Văn An | C2: 0903112233 | D2: nguyenvanan@gmail.com | E2: 079090001111 | F2: =COUNTIF(VE_THANG!$C$2:$C$1000,A2) -> 1 | G2: =IF(SUMPRODUCT(--(KHACH_HANG!$A$2:$A$1000=A2))=1,"ĐẠT","LỆCH") -> ĐẠT | H2: =IF(AND(LEN(A2)=6,LEFT(A2,2)="KH",ISNUMBER(-MID(A2,3,4)),ISERROR(FIND(".",MID(A2,3,4)))),"ĐẠT","LỆCH") -> ĐẠT | I2: =IF(SUMPRODUCT(--(KHACH_HANG!$C$2:$C$1000=C2))=1,"ĐẠT","LỆCH") -> ĐẠT | J2: =IF(LEN(D2)=0,"ĐẠT",IF(SUMPRODUCT(--(KHACH_HANG!$D$2:$D$1000=D2))=1,"ĐẠT","LỆCH")) -> ĐẠT | K2: =IF(SUMPRODUCT(--(KHACH_HANG!$E$2:$E$1000=E2))=1,"ĐẠT","LỆCH") -> ĐẠT | L2: =IF(AND(LEN(E2)=12,ISNUMBER(-E2)),"ĐẠT","LỆCH") -> ĐẠT
A3: KH0002 | B3: Trần Thị Mai | C3: 0912445566 | D3: tranmai.hcm@gmail.com | E3: 079090002222 | F3: =COUNTIF(VE_THANG!$C$2:$C$1000,A3) -> 1 | G3: =IF(SUMPRODUCT(--(KHACH_HANG!$A$2:$A$1000=A3))=1,"ĐẠT","LỆCH") -> ĐẠT | H3: =IF(AND(LEN(A3)=6,LEFT(A3,2)="KH",ISNUMBER(-MID(A3,3,4)),ISERROR(FIND(".",MID(A3,3,4)))),"ĐẠT","LỆCH") -> ĐẠT | I3: =IF(SUMPRODUCT(--(KHACH_HANG!$C$2:$C$1000=C3))=1,"ĐẠT","LỆCH") -> ĐẠT | J3: =IF(LEN(D3)=0,"ĐẠT",IF(SUMPRODUCT(--(KHACH_HANG!$D$2:$D$1000=D3))=1,"ĐẠT","LỆCH")) -> ĐẠT | K3: =IF(SUMPRODUCT(--(KHACH_HANG!$E$2:$E$1000=E3))=1,"ĐẠT","LỆCH") -> ĐẠT | L3: =IF(AND(LEN(E3)=12,ISNUMBER(-E3)),"ĐẠT","LỆCH") -> ĐẠT
A4: KH0003 | B4: Lê Hoàng Long | C4: 0988776655 | D4: long.lehoang@yahoo.com | E4: 079090003333 | F4: =COUNTIF(VE_THANG!$C$2:$C$1000,A4) -> 1 | G4: =IF(SUMPRODUCT(--(KHACH_HANG!$A$2:$A$1000=A4))=1,"ĐẠT","LỆCH") -> ĐẠT | H4: =IF(AND(LEN(A4)=6,LEFT(A4,2)="KH",ISNUMBER(-MID(A4,3,4)),ISERROR(FIND(".",MID(A4,3,4)))),"ĐẠT","LỆCH") -> ĐẠT | I4: =IF(SUMPRODUCT(--(KHACH_HANG!$C$2:$C$1000=C4))=1,"ĐẠT","LỆCH") -> ĐẠT | J4: =IF(LEN(D4)=0,"ĐẠT",IF(SUMPRODUCT(--(KHACH_HANG!$D$2:$D$1000=D4))=1,"ĐẠT","LỆCH")) -> ĐẠT | K4: =IF(SUMPRODUCT(--(KHACH_HANG!$E$2:$E$1000=E4))=1,"ĐẠT","LỆCH") -> ĐẠT | L4: =IF(AND(LEN(E4)=12,ISNUMBER(-E4)),"ĐẠT","LỆCH") -> ĐẠT
A5: KH0004 | B5: Phạm Thu Trang | C5: 0934556677 | D5: trangpham@outlook.com | E5: 079090004444 | F5: =COUNTIF(VE_THANG!$C$2:$C$1000,A5) -> 1 | G5: =IF(SUMPRODUCT(--(KHACH_HANG!$A$2:$A$1000=A5))=1,"ĐẠT","LỆCH") -> ĐẠT | H5: =IF(AND(LEN(A5)=6,LEFT(A5,2)="KH",ISNUMBER(-MID(A5,3,4)),ISERROR(FIND(".",MID(A5,3,4)))),"ĐẠT","LỆCH") -> ĐẠT | I5: =IF(SUMPRODUCT(--(KHACH_HANG!$C$2:$C$1000=C5))=1,"ĐẠT","LỆCH") -> ĐẠT | J5: =IF(LEN(D5)=0,"ĐẠT",IF(SUMPRODUCT(--(KHACH_HANG!$D$2:$D$1000=D5))=1,"ĐẠT","LỆCH")) -> ĐẠT | K5: =IF(SUMPRODUCT(--(KHACH_HANG!$E$2:$E$1000=E5))=1,"ĐẠT","LỆCH") -> ĐẠT | L5: =IF(AND(LEN(E5)=12,ISNUMBER(-E5)),"ĐẠT","LỆCH") -> ĐẠT
A6: KH0005 | B6: Võ Minh Quân | C6: 0977112244 | D6: quan.vominh@gmail.com | E6: 079090005555 | F6: =COUNTIF(VE_THANG!$C$2:$C$1000,A6) -> 1 | G6: =IF(SUMPRODUCT(--(KHACH_HANG!$A$2:$A$1000=A6))=1,"ĐẠT","LỆCH") -> ĐẠT | H6: =IF(AND(LEN(A6)=6,LEFT(A6,2)="KH",ISNUMBER(-MID(A6,3,4)),ISERROR(FIND(".",MID(A6,3,4)))),"ĐẠT","LỆCH") -> ĐẠT | I6: =IF(SUMPRODUCT(--(KHACH_HANG!$C$2:$C$1000=C6))=1,"ĐẠT","LỆCH") -> ĐẠT | J6: =IF(LEN(D6)=0,"ĐẠT",IF(SUMPRODUCT(--(KHACH_HANG!$D$2:$D$1000=D6))=1,"ĐẠT","LỆCH")) -> ĐẠT | K6: =IF(SUMPRODUCT(--(KHACH_HANG!$E$2:$E$1000=E6))=1,"ĐẠT","LỆCH") -> ĐẠT | L6: =IF(AND(LEN(E6)=12,ISNUMBER(-E6)),"ĐẠT","LỆCH") -> ĐẠT
A7: KH0006 | B7: Đỗ Thanh Phong | C7: 0908246810 | D7: phong.dothanh@gmail.com | E7: 079090006666 | F7: =COUNTIF(VE_THANG!$C$2:$C$1000,A7) -> 1 | G7: =IF(SUMPRODUCT(--(KHACH_HANG!$A$2:$A$1000=A7))=1,"ĐẠT","LỆCH") -> ĐẠT | H7: =IF(AND(LEN(A7)=6,LEFT(A7,2)="KH",ISNUMBER(-MID(A7,3,4)),ISERROR(FIND(".",MID(A7,3,4)))),"ĐẠT","LỆCH") -> ĐẠT | I7: =IF(SUMPRODUCT(--(KHACH_HANG!$C$2:$C$1000=C7))=1,"ĐẠT","LỆCH") -> ĐẠT | J7: =IF(LEN(D7)=0,"ĐẠT",IF(SUMPRODUCT(--(KHACH_HANG!$D$2:$D$1000=D7))=1,"ĐẠT","LỆCH")) -> ĐẠT | K7: =IF(SUMPRODUCT(--(KHACH_HANG!$E$2:$E$1000=E7))=1,"ĐẠT","LỆCH") -> ĐẠT | L7: =IF(AND(LEN(E7)=12,ISNUMBER(-E7)),"ĐẠT","LỆCH") -> ĐẠT
A8: KH0007 | B8: Lý Ngọc Hân | C8: 0938135790 | D8: han.lyngoc@gmail.com | E8: 079090007777 | F8: =COUNTIF(VE_THANG!$C$2:$C$1000,A8) -> 1 | G8: =IF(SUMPRODUCT(--(KHACH_HANG!$A$2:$A$1000=A8))=1,"ĐẠT","LỆCH") -> ĐẠT | H8: =IF(AND(LEN(A8)=6,LEFT(A8,2)="KH",ISNUMBER(-MID(A8,3,4)),ISERROR(FIND(".",MID(A8,3,4)))),"ĐẠT","LỆCH") -> ĐẠT | I8: =IF(SUMPRODUCT(--(KHACH_HANG!$C$2:$C$1000=C8))=1,"ĐẠT","LỆCH") -> ĐẠT | J8: =IF(LEN(D8)=0,"ĐẠT",IF(SUMPRODUCT(--(KHACH_HANG!$D$2:$D$1000=D8))=1,"ĐẠT","LỆCH")) -> ĐẠT | K8: =IF(SUMPRODUCT(--(KHACH_HANG!$E$2:$E$1000=E8))=1,"ĐẠT","LỆCH") -> ĐẠT | L8: =IF(AND(LEN(E8)=12,ISNUMBER(-E8)),"ĐẠT","LỆCH") -> ĐẠT
A9: KH0008 | B9: Châu Minh Khang | C9: 0917258036 | D9: khang.chau@outlook.com | E9: 079090018888 | F9: =COUNTIF(VE_THANG!$C$2:$C$1000,A9) -> 1 | G9: =IF(SUMPRODUCT(--(KHACH_HANG!$A$2:$A$1000=A9))=1,"ĐẠT","LỆCH") -> ĐẠT | H9: =IF(AND(LEN(A9)=6,LEFT(A9,2)="KH",ISNUMBER(-MID(A9,3,4)),ISERROR(FIND(".",MID(A9,3,4)))),"ĐẠT","LỆCH") -> ĐẠT | I9: =IF(SUMPRODUCT(--(KHACH_HANG!$C$2:$C$1000=C9))=1,"ĐẠT","LỆCH") -> ĐẠT | J9: =IF(LEN(D9)=0,"ĐẠT",IF(SUMPRODUCT(--(KHACH_HANG!$D$2:$D$1000=D9))=1,"ĐẠT","LỆCH")) -> ĐẠT | K9: =IF(SUMPRODUCT(--(KHACH_HANG!$E$2:$E$1000=E9))=1,"ĐẠT","LỆCH") -> ĐẠT | L9: =IF(AND(LEN(E9)=12,ISNUMBER(-E9)),"ĐẠT","LỆCH") -> ĐẠT
A10: KH0009 | B10: Tạ Thị Kim Oanh | C10: 0966369147 | D10: oanh.takim@yahoo.com | E10: 079090009999 | F10: =COUNTIF(VE_THANG!$C$2:$C$1000,A10) -> 1 | G10: =IF(SUMPRODUCT(--(KHACH_HANG!$A$2:$A$1000=A10))=1,"ĐẠT","LỆCH") -> ĐẠT | H10: =IF(AND(LEN(A10)=6,LEFT(A10,2)="KH",ISNUMBER(-MID(A10,3,4)),ISERROR(FIND(".",MID(A10,3,4)))),"ĐẠT","LỆCH") -> ĐẠT | I10: =IF(SUMPRODUCT(--(KHACH_HANG!$C$2:$C$1000=C10))=1,"ĐẠT","LỆCH") -> ĐẠT | J10: =IF(LEN(D10)=0,"ĐẠT",IF(SUMPRODUCT(--(KHACH_HANG!$D$2:$D$1000=D10))=1,"ĐẠT","LỆCH")) -> ĐẠT | K10: =IF(SUMPRODUCT(--(KHACH_HANG!$E$2:$E$1000=E10))=1,"ĐẠT","LỆCH") -> ĐẠT | L10: =IF(AND(LEN(E10)=12,ISNUMBER(-E10)),"ĐẠT","LỆCH") -> ĐẠT
A11: KH0010 | B11: Phan Gia Huy | C11: 0945112233 | D11: huy.phangia@gmail.com | E11: 079090010101 | F11: =COUNTIF(VE_THANG!$C$2:$C$1000,A11) -> 1 | G11: =IF(SUMPRODUCT(--(KHACH_HANG!$A$2:$A$1000=A11))=1,"ĐẠT","LỆCH") -> ĐẠT | H11: =IF(AND(LEN(A11)=6,LEFT(A11,2)="KH",ISNUMBER(-MID(A11,3,4)),ISERROR(FIND(".",MID(A11,3,4)))),"ĐẠT","LỆCH") -> ĐẠT | I11: =IF(SUMPRODUCT(--(KHACH_HANG!$C$2:$C$1000=C11))=1,"ĐẠT","LỆCH") -> ĐẠT | J11: =IF(LEN(D11)=0,"ĐẠT",IF(SUMPRODUCT(--(KHACH_HANG!$D$2:$D$1000=D11))=1,"ĐẠT","LỆCH")) -> ĐẠT | K11: =IF(SUMPRODUCT(--(KHACH_HANG!$E$2:$E$1000=E11))=1,"ĐẠT","LỆCH") -> ĐẠT | L11: =IF(AND(LEN(E11)=12,ISNUMBER(-E11)),"ĐẠT","LỆCH") -> ĐẠT

Sheet VE_THANG
A1: MaVe | B1: MaThe | C1: MaKH | D1: BienSo | E1: MaLoaiXe | F1: NgayDangKy | G1: NgayHetHan | H1: TrangThai | I1: MaBaiApDung | J1: NgayDangKyCoDinh | K1: DangKyTruocNapNgay | L1: HoTenKhachHang | M1: TongSoThangDaDong | N1: SoNgayConLai | O1: HanhDongCursor | P1: TrongBaoCaoSapHetHan | Q1: GiaVeThang | R1: KT_PK | S1: KT_DinhDangMa | T1: KT_MaTheDuyNhat | U1: KT_FK | V1: KT_TheLoaiThang | W1: KT_TheCungBai | X1: KT_LoaiXeTaiBai | Y1: KT_CoHoaDon | Z1: KT_HanHopLe | AA1: KT_QuaHanLaHetHan
A2: V0001 | B2: THE0002 | C2: KH0001 | D2: 59A-123.45 | E2: XM | F2: =IF(LEN(K2)>0,INT(ThoiDiemNap)-K2,J2) -> 46023 | G2: =IF(M2>0,_xlfn.MAXIFS(HOA_DON_VE_THANG!$O$2:$O$1000,HOA_DON_VE_THANG!$B$2:$B$1000,A2),F2) -> 46388 | H2: Hoạt động | I2: BAI_Q1 | J2: 46023 | L2: =INDEX(KHACH_HANG!$B$2:$B$1000,MATCH(C2,KHACH_HANG!$A$2:$A$1000,0)) -> Nguyễn Văn An | M2: =SUMIFS(HOA_DON_VE_THANG!$D$2:$D$1000,HOA_DON_VE_THANG!$B$2:$B$1000,A2) -> 12 | N2: =G2-INT(ThoiDiemTinh) -> 92 | O2: =IF(N2<0,"ĐÃ QUÁ HẠN: Tự động khóa thẻ và đổi trạng thái hết hạn",IF(N2<=NguongCursorNgay,"CẢNH BÁO: Sắp hết hạn trong "&N2&" ngày. Gửi SMS/Email nhắc nộp phí.","Còn hạn an toàn")) -> Còn hạn an toàn | P2: =IF(N2<=NguongViewNgay,"Có","") | Q2: =SUMIFS(LOAI_XE!$E$2:$E$1000,LOAI_XE!$A$2:$A$1000,E2,LOAI_XE!$B$2:$B$1000,IF(I2="ALL",INDEX(THE_XE!$B$2:$B$1000,MATCH(B2,THE_XE!$A$2:$A$1000,0)),I2)) -> 180000 | R2: =IF(SUMPRODUCT(--(VE_THANG!$A$2:$A$1000=A2))=1,"ĐẠT","LỆCH") -> ĐẠT | S2: =IF(AND(LEN(A2)=5,LEFT(A2,1)="V",ISNUMBER(-MID(A2,2,4)),ISERROR(FIND(".",MID(A2,2,4)))),"ĐẠT","LỆCH") -> ĐẠT | T2: =IF(SUMPRODUCT(--(VE_THANG!$B$2:$B$1000=B2))=1,"ĐẠT","LỆCH") -> ĐẠT | U2: =IF(AND(SUMPRODUCT(--(THE_XE!$A$2:$A$1000=B2))>0,SUMPRODUCT(--(KHACH_HANG!$A$2:$A$1000=C2))>0),"ĐẠT","LỆCH") -> ĐẠT | V2: =IF(INDEX(THE_XE!$C$2:$C$1000,MATCH(B2,THE_XE!$A$2:$A$1000,0))="Tháng","ĐẠT","LỆCH") -> ĐẠT | W2: =IF(I2="ALL","ĐẠT",IF(INDEX(THE_XE!$B$2:$B$1000,MATCH(B2,THE_XE!$A$2:$A$1000,0))=I2,"ĐẠT","LỆCH")) -> ĐẠT | X2: =IF(I2="ALL","ĐẠT",IF(SUMPRODUCT((LOAI_XE!$A$2:$A$1000=E2)*(LOAI_XE!$B$2:$B$1000=I2))>0,"ĐẠT","LỆCH")) -> ĐẠT | Y2: =IF(M2>0,"ĐẠT","LỆCH") -> ĐẠT | Z2: =IF(G2>=F2,"ĐẠT","LỆCH") -> ĐẠT | AA2: =IF(N2<0,IF(H2="Hết hạn","ĐẠT","LỆCH"),"ĐẠT") -> ĐẠT
A3: V0002 | B3: THE0004 | C3: KH0002 | D3: 51G-888.99 | E3: OT | F3: =IF(LEN(K3)>0,INT(ThoiDiemNap)-K3,J3) -> 46032 | G3: =IF(M3>0,_xlfn.MAXIFS(HOA_DON_VE_THANG!$O$2:$O$1000,HOA_DON_VE_THANG!$B$2:$B$1000,A3),F3) -> 46305 | H3: Hoạt động | I3: BAI_Q1 | J3: 46032 | L3: =INDEX(KHACH_HANG!$B$2:$B$1000,MATCH(C3,KHACH_HANG!$A$2:$A$1000,0)) -> Trần Thị Mai | M3: =SUMIFS(HOA_DON_VE_THANG!$D$2:$D$1000,HOA_DON_VE_THANG!$B$2:$B$1000,A3) -> 9 | N3: =G3-INT(ThoiDiemTinh) -> 9 | O3: =IF(N3<0,"ĐÃ QUÁ HẠN: Tự động khóa thẻ và đổi trạng thái hết hạn",IF(N3<=NguongCursorNgay,"CẢNH BÁO: Sắp hết hạn trong "&N3&" ngày. Gửi SMS/Email nhắc nộp phí.","Còn hạn an toàn")) -> Còn hạn an toàn | P3: =IF(N3<=NguongViewNgay,"Có","") | Q3: =SUMIFS(LOAI_XE!$E$2:$E$1000,LOAI_XE!$A$2:$A$1000,E3,LOAI_XE!$B$2:$B$1000,IF(I3="ALL",INDEX(THE_XE!$B$2:$B$1000,MATCH(B3,THE_XE!$A$2:$A$1000,0)),I3)) -> 1800000 | R3: =IF(SUMPRODUCT(--(VE_THANG!$A$2:$A$1000=A3))=1,"ĐẠT","LỆCH") -> ĐẠT | S3: =IF(AND(LEN(A3)=5,LEFT(A3,1)="V",ISNUMBER(-MID(A3,2,4)),ISERROR(FIND(".",MID(A3,2,4)))),"ĐẠT","LỆCH") -> ĐẠT | T3: =IF(SUMPRODUCT(--(VE_THANG!$B$2:$B$1000=B3))=1,"ĐẠT","LỆCH") -> ĐẠT | U3: =IF(AND(SUMPRODUCT(--(THE_XE!$A$2:$A$1000=B3))>0,SUMPRODUCT(--(KHACH_HANG!$A$2:$A$1000=C3))>0),"ĐẠT","LỆCH") -> ĐẠT | V3: =IF(INDEX(THE_XE!$C$2:$C$1000,MATCH(B3,THE_XE!$A$2:$A$1000,0))="Tháng","ĐẠT","LỆCH") -> ĐẠT | W3: =IF(I3="ALL","ĐẠT",IF(INDEX(THE_XE!$B$2:$B$1000,MATCH(B3,THE_XE!$A$2:$A$1000,0))=I3,"ĐẠT","LỆCH")) -> ĐẠT | X3: =IF(I3="ALL","ĐẠT",IF(SUMPRODUCT((LOAI_XE!$A$2:$A$1000=E3)*(LOAI_XE!$B$2:$B$1000=I3))>0,"ĐẠT","LỆCH")) -> ĐẠT | Y3: =IF(M3>0,"ĐẠT","LỆCH") -> ĐẠT | Z3: =IF(G3>=F3,"ĐẠT","LỆCH") -> ĐẠT | AA3: =IF(N3<0,IF(H3="Hết hạn","ĐẠT","LỆCH"),"ĐẠT") -> ĐẠT
A4: V0003 | B4: THE0008 | C4: KH0003 | D4: 59B-456.78 | E4: XM | F4: =IF(LEN(K4)>0,INT(ThoiDiemNap)-K4,J4) -> 46025 | G4: =IF(M4>0,_xlfn.MAXIFS(HOA_DON_VE_THANG!$O$2:$O$1000,HOA_DON_VE_THANG!$B$2:$B$1000,A4),F4) -> 46056 | H4: Hết hạn | I4: BAI_Q3 | J4: 46025 | L4: =INDEX(KHACH_HANG!$B$2:$B$1000,MATCH(C4,KHACH_HANG!$A$2:$A$1000,0)) -> Lê Hoàng Long | M4: =SUMIFS(HOA_DON_VE_THANG!$D$2:$D$1000,HOA_DON_VE_THANG!$B$2:$B$1000,A4) -> 1 | N4: =G4-INT(ThoiDiemTinh) -> -240 | O4: =IF(N4<0,"ĐÃ QUÁ HẠN: Tự động khóa thẻ và đổi trạng thái hết hạn",IF(N4<=NguongCursorNgay,"CẢNH BÁO: Sắp hết hạn trong "&N4&" ngày. Gửi SMS/Email nhắc nộp phí.","Còn hạn an toàn")) -> ĐÃ QUÁ HẠN: Tự động khóa thẻ và đổi trạng thái hết hạn | P4: =IF(N4<=NguongViewNgay,"Có","") -> Có | Q4: =SUMIFS(LOAI_XE!$E$2:$E$1000,LOAI_XE!$A$2:$A$1000,E4,LOAI_XE!$B$2:$B$1000,IF(I4="ALL",INDEX(THE_XE!$B$2:$B$1000,MATCH(B4,THE_XE!$A$2:$A$1000,0)),I4)) -> 150000 | R4: =IF(SUMPRODUCT(--(VE_THANG!$A$2:$A$1000=A4))=1,"ĐẠT","LỆCH") -> ĐẠT | S4: =IF(AND(LEN(A4)=5,LEFT(A4,1)="V",ISNUMBER(-MID(A4,2,4)),ISERROR(FIND(".",MID(A4,2,4)))),"ĐẠT","LỆCH") -> ĐẠT | T4: =IF(SUMPRODUCT(--(VE_THANG!$B$2:$B$1000=B4))=1,"ĐẠT","LỆCH") -> ĐẠT | U4: =IF(AND(SUMPRODUCT(--(THE_XE!$A$2:$A$1000=B4))>0,SUMPRODUCT(--(KHACH_HANG!$A$2:$A$1000=C4))>0),"ĐẠT","LỆCH") -> ĐẠT | V4: =IF(INDEX(THE_XE!$C$2:$C$1000,MATCH(B4,THE_XE!$A$2:$A$1000,0))="Tháng","ĐẠT","LỆCH") -> ĐẠT | W4: =IF(I4="ALL","ĐẠT",IF(INDEX(THE_XE!$B$2:$B$1000,MATCH(B4,THE_XE!$A$2:$A$1000,0))=I4,"ĐẠT","LỆCH")) -> ĐẠT | X4: =IF(I4="ALL","ĐẠT",IF(SUMPRODUCT((LOAI_XE!$A$2:$A$1000=E4)*(LOAI_XE!$B$2:$B$1000=I4))>0,"ĐẠT","LỆCH")) -> ĐẠT | Y4: =IF(M4>0,"ĐẠT","LỆCH") -> ĐẠT | Z4: =IF(G4>=F4,"ĐẠT","LỆCH") -> ĐẠT | AA4: =IF(N4<0,IF(H4="Hết hạn","ĐẠT","LỆCH"),"ĐẠT") -> ĐẠT
A5: V0004 | B5: THE0010 | C5: KH0004 | D5: 51H-999.11 | E5: OT | F5: =IF(LEN(K5)>0,INT(ThoiDiemNap)-K5,J5) -> 46030 | G5: =IF(M5>0,_xlfn.MAXIFS(HOA_DON_VE_THANG!$O$2:$O$1000,HOA_DON_VE_THANG!$B$2:$B$1000,A5),F5) -> 46334 | H5: Hoạt động | I5: ALL | J5: 46030 | L5: =INDEX(KHACH_HANG!$B$2:$B$1000,MATCH(C5,KHACH_HANG!$A$2:$A$1000,0)) -> Phạm Thu Trang | M5: =SUMIFS(HOA_DON_VE_THANG!$D$2:$D$1000,HOA_DON_VE_THANG!$B$2:$B$1000,A5) -> 10 | N5: =G5-INT(ThoiDiemTinh) -> 38 | O5: =IF(N5<0,"ĐÃ QUÁ HẠN: Tự động khóa thẻ và đổi trạng thái hết hạn",IF(N5<=NguongCursorNgay,"CẢNH BÁO: Sắp hết hạn trong "&N5&" ngày. Gửi SMS/Email nhắc nộp phí.","Còn hạn an toàn")) -> Còn hạn an toàn | P5: =IF(N5<=NguongViewNgay,"Có","") | Q5: =SUMIFS(LOAI_XE!$E$2:$E$1000,LOAI_XE!$A$2:$A$1000,E5,LOAI_XE!$B$2:$B$1000,IF(I5="ALL",INDEX(THE_XE!$B$2:$B$1000,MATCH(B5,THE_XE!$A$2:$A$1000,0)),I5)) -> 1500000 | R5: =IF(SUMPRODUCT(--(VE_THANG!$A$2:$A$1000=A5))=1,"ĐẠT","LỆCH") -> ĐẠT | S5: =IF(AND(LEN(A5)=5,LEFT(A5,1)="V",ISNUMBER(-MID(A5,2,4)),ISERROR(FIND(".",MID(A5,2,4)))),"ĐẠT","LỆCH") -> ĐẠT | T5: =IF(SUMPRODUCT(--(VE_THANG!$B$2:$B$1000=B5))=1,"ĐẠT","LỆCH") -> ĐẠT | U5: =IF(AND(SUMPRODUCT(--(THE_XE!$A$2:$A$1000=B5))>0,SUMPRODUCT(--(KHACH_HANG!$A$2:$A$1000=C5))>0),"ĐẠT","LỆCH") -> ĐẠT | V5: =IF(INDEX(THE_XE!$C$2:$C$1000,MATCH(B5,THE_XE!$A$2:$A$1000,0))="Tháng","ĐẠT","LỆCH") -> ĐẠT | W5: =IF(I5="ALL","ĐẠT",IF(INDEX(THE_XE!$B$2:$B$1000,MATCH(B5,THE_XE!$A$2:$A$1000,0))=I5,"ĐẠT","LỆCH")) -> ĐẠT | X5: =IF(I5="ALL","ĐẠT",IF(SUMPRODUCT((LOAI_XE!$A$2:$A$1000=E5)*(LOAI_XE!$B$2:$B$1000=I5))>0,"ĐẠT","LỆCH")) -> ĐẠT | Y5: =IF(M5>0,"ĐẠT","LỆCH") -> ĐẠT | Z5: =IF(G5>=F5,"ĐẠT","LỆCH") -> ĐẠT | AA5: =IF(N5<0,IF(H5="Hết hạn","ĐẠT","LỆCH"),"ĐẠT") -> ĐẠT
A6: V0005 | B6: THE0012 | C6: KH0005 | D6: 59C-678.90 | E6: XM | F6: =IF(LEN(K6)>0,INT(ThoiDiemNap)-K6,J6) -> 46024 | G6: =IF(M6>0,_xlfn.MAXIFS(HOA_DON_VE_THANG!$O$2:$O$1000,HOA_DON_VE_THANG!$B$2:$B$1000,A6),F6) -> 46389 | H6: Hoạt động | I6: BAI_BT | J6: 46024 | L6: =INDEX(KHACH_HANG!$B$2:$B$1000,MATCH(C6,KHACH_HANG!$A$2:$A$1000,0)) -> Võ Minh Quân | M6: =SUMIFS(HOA_DON_VE_THANG!$D$2:$D$1000,HOA_DON_VE_THANG!$B$2:$B$1000,A6) -> 12 | N6: =G6-INT(ThoiDiemTinh) -> 93 | O6: =IF(N6<0,"ĐÃ QUÁ HẠN: Tự động khóa thẻ và đổi trạng thái hết hạn",IF(N6<=NguongCursorNgay,"CẢNH BÁO: Sắp hết hạn trong "&N6&" ngày. Gửi SMS/Email nhắc nộp phí.","Còn hạn an toàn")) -> Còn hạn an toàn | P6: =IF(N6<=NguongViewNgay,"Có","") | Q6: =SUMIFS(LOAI_XE!$E$2:$E$1000,LOAI_XE!$A$2:$A$1000,E6,LOAI_XE!$B$2:$B$1000,IF(I6="ALL",INDEX(THE_XE!$B$2:$B$1000,MATCH(B6,THE_XE!$A$2:$A$1000,0)),I6)) -> 200000 | R6: =IF(SUMPRODUCT(--(VE_THANG!$A$2:$A$1000=A6))=1,"ĐẠT","LỆCH") -> ĐẠT | S6: =IF(AND(LEN(A6)=5,LEFT(A6,1)="V",ISNUMBER(-MID(A6,2,4)),ISERROR(FIND(".",MID(A6,2,4)))),"ĐẠT","LỆCH") -> ĐẠT | T6: =IF(SUMPRODUCT(--(VE_THANG!$B$2:$B$1000=B6))=1,"ĐẠT","LỆCH") -> ĐẠT | U6: =IF(AND(SUMPRODUCT(--(THE_XE!$A$2:$A$1000=B6))>0,SUMPRODUCT(--(KHACH_HANG!$A$2:$A$1000=C6))>0),"ĐẠT","LỆCH") -> ĐẠT | V6: =IF(INDEX(THE_XE!$C$2:$C$1000,MATCH(B6,THE_XE!$A$2:$A$1000,0))="Tháng","ĐẠT","LỆCH") -> ĐẠT | W6: =IF(I6="ALL","ĐẠT",IF(INDEX(THE_XE!$B$2:$B$1000,MATCH(B6,THE_XE!$A$2:$A$1000,0))=I6,"ĐẠT","LỆCH")) -> ĐẠT | X6: =IF(I6="ALL","ĐẠT",IF(SUMPRODUCT((LOAI_XE!$A$2:$A$1000=E6)*(LOAI_XE!$B$2:$B$1000=I6))>0,"ĐẠT","LỆCH")) -> ĐẠT | Y6: =IF(M6>0,"ĐẠT","LỆCH") -> ĐẠT | Z6: =IF(G6>=F6,"ĐẠT","LỆCH") -> ĐẠT | AA6: =IF(N6<0,IF(H6="Hết hạn","ĐẠT","LỆCH"),"ĐẠT") -> ĐẠT
A7: V0006 | B7: THE0017 | C7: KH0006 | D7: 51K-246.80 | E7: OT | F7: =IF(LEN(K7)>0,INT(ThoiDiemNap)-K7,J7) -> 46082 | G7: =IF(M7>0,_xlfn.MAXIFS(HOA_DON_VE_THANG!$O$2:$O$1000,HOA_DON_VE_THANG!$B$2:$B$1000,A7),F7) -> 46447 | H7: Hoạt động | I7: BAI_TB | J7: 46082 | L7: =INDEX(KHACH_HANG!$B$2:$B$1000,MATCH(C7,KHACH_HANG!$A$2:$A$1000,0)) -> Đỗ Thanh Phong | M7: =SUMIFS(HOA_DON_VE_THANG!$D$2:$D$1000,HOA_DON_VE_THANG!$B$2:$B$1000,A7) -> 12 | N7: =G7-INT(ThoiDiemTinh) -> 151 | O7: =IF(N7<0,"ĐÃ QUÁ HẠN: Tự động khóa thẻ và đổi trạng thái hết hạn",IF(N7<=NguongCursorNgay,"CẢNH BÁO: Sắp hết hạn trong "&N7&" ngày. Gửi SMS/Email nhắc nộp phí.","Còn hạn an toàn")) -> Còn hạn an toàn | P7: =IF(N7<=NguongViewNgay,"Có","") | Q7: =SUMIFS(LOAI_XE!$E$2:$E$1000,LOAI_XE!$A$2:$A$1000,E7,LOAI_XE!$B$2:$B$1000,IF(I7="ALL",INDEX(THE_XE!$B$2:$B$1000,MATCH(B7,THE_XE!$A$2:$A$1000,0)),I7)) -> 1600000 | R7: =IF(SUMPRODUCT(--(VE_THANG!$A$2:$A$1000=A7))=1,"ĐẠT","LỆCH") -> ĐẠT | S7: =IF(AND(LEN(A7)=5,LEFT(A7,1)="V",ISNUMBER(-MID(A7,2,4)),ISERROR(FIND(".",MID(A7,2,4)))),"ĐẠT","LỆCH") -> ĐẠT | T7: =IF(SUMPRODUCT(--(VE_THANG!$B$2:$B$1000=B7))=1,"ĐẠT","LỆCH") -> ĐẠT | U7: =IF(AND(SUMPRODUCT(--(THE_XE!$A$2:$A$1000=B7))>0,SUMPRODUCT(--(KHACH_HANG!$A$2:$A$1000=C7))>0),"ĐẠT","LỆCH") -> ĐẠT | V7: =IF(INDEX(THE_XE!$C$2:$C$1000,MATCH(B7,THE_XE!$A$2:$A$1000,0))="Tháng","ĐẠT","LỆCH") -> ĐẠT | W7: =IF(I7="ALL","ĐẠT",IF(INDEX(THE_XE!$B$2:$B$1000,MATCH(B7,THE_XE!$A$2:$A$1000,0))=I7,"ĐẠT","LỆCH")) -> ĐẠT | X7: =IF(I7="ALL","ĐẠT",IF(SUMPRODUCT((LOAI_XE!$A$2:$A$1000=E7)*(LOAI_XE!$B$2:$B$1000=I7))>0,"ĐẠT","LỆCH")) -> ĐẠT | Y7: =IF(M7>0,"ĐẠT","LỆCH") -> ĐẠT | Z7: =IF(G7>=F7,"ĐẠT","LỆCH") -> ĐẠT | AA7: =IF(N7<0,IF(H7="Hết hạn","ĐẠT","LỆCH"),"ĐẠT") -> ĐẠT
A8: V0007 | B8: THE0019 | C8: KH0007 | D8: 59P-357.91 | E8: XM | F8: =IF(LEN(K8)>0,INT(ThoiDiemNap)-K8,J8) -> 46268 | G8: =IF(M8>0,_xlfn.MAXIFS(HOA_DON_VE_THANG!$O$2:$O$1000,HOA_DON_VE_THANG!$B$2:$B$1000,A8),F8) -> 46298 | H8: Hoạt động | I8: BAI_TB | K8: 28 | L8: =INDEX(KHACH_HANG!$B$2:$B$1000,MATCH(C8,KHACH_HANG!$A$2:$A$1000,0)) -> Lý Ngọc Hân | M8: =SUMIFS(HOA_DON_VE_THANG!$D$2:$D$1000,HOA_DON_VE_THANG!$B$2:$B$1000,A8) -> 1 | N8: =G8-INT(ThoiDiemTinh) -> 2 | O8: =IF(N8<0,"ĐÃ QUÁ HẠN: Tự động khóa thẻ và đổi trạng thái hết hạn",IF(N8<=NguongCursorNgay,"CẢNH BÁO: Sắp hết hạn trong "&N8&" ngày. Gửi SMS/Email nhắc nộp phí.","Còn hạn an toàn")) -> CẢNH BÁO: Sắp hết hạn trong 2 ngày. Gửi SMS/Email nhắc nộp phí. | P8: =IF(N8<=NguongViewNgay,"Có","") -> Có | Q8: =SUMIFS(LOAI_XE!$E$2:$E$1000,LOAI_XE!$A$2:$A$1000,E8,LOAI_XE!$B$2:$B$1000,IF(I8="ALL",INDEX(THE_XE!$B$2:$B$1000,MATCH(B8,THE_XE!$A$2:$A$1000,0)),I8)) -> 200000 | R8: =IF(SUMPRODUCT(--(VE_THANG!$A$2:$A$1000=A8))=1,"ĐẠT","LỆCH") -> ĐẠT | S8: =IF(AND(LEN(A8)=5,LEFT(A8,1)="V",ISNUMBER(-MID(A8,2,4)),ISERROR(FIND(".",MID(A8,2,4)))),"ĐẠT","LỆCH") -> ĐẠT | T8: =IF(SUMPRODUCT(--(VE_THANG!$B$2:$B$1000=B8))=1,"ĐẠT","LỆCH") -> ĐẠT | U8: =IF(AND(SUMPRODUCT(--(THE_XE!$A$2:$A$1000=B8))>0,SUMPRODUCT(--(KHACH_HANG!$A$2:$A$1000=C8))>0),"ĐẠT","LỆCH") -> ĐẠT | V8: =IF(INDEX(THE_XE!$C$2:$C$1000,MATCH(B8,THE_XE!$A$2:$A$1000,0))="Tháng","ĐẠT","LỆCH") -> ĐẠT | W8: =IF(I8="ALL","ĐẠT",IF(INDEX(THE_XE!$B$2:$B$1000,MATCH(B8,THE_XE!$A$2:$A$1000,0))=I8,"ĐẠT","LỆCH")) -> ĐẠT | X8: =IF(I8="ALL","ĐẠT",IF(SUMPRODUCT((LOAI_XE!$A$2:$A$1000=E8)*(LOAI_XE!$B$2:$B$1000=I8))>0,"ĐẠT","LỆCH")) -> ĐẠT | Y8: =IF(M8>0,"ĐẠT","LỆCH") -> ĐẠT | Z8: =IF(G8>=F8,"ĐẠT","LỆCH") -> ĐẠT | AA8: =IF(N8<0,IF(H8="Hết hạn","ĐẠT","LỆCH"),"ĐẠT") -> ĐẠT
A9: V0008 | B9: THE0022 | C9: KH0008 | D9: 59N-147.25 | E9: XM | F9: =IF(LEN(K9)>0,INT(ThoiDiemNap)-K9,J9) -> 46037 | G9: =IF(M9>0,_xlfn.MAXIFS(HOA_DON_VE_THANG!$O$2:$O$1000,HOA_DON_VE_THANG!$B$2:$B$1000,A9),F9) -> 46218 | H9: Hết hạn | I9: BAI_Q7 | J9: 46037 | L9: =INDEX(KHACH_HANG!$B$2:$B$1000,MATCH(C9,KHACH_HANG!$A$2:$A$1000,0)) -> Châu Minh Khang | M9: =SUMIFS(HOA_DON_VE_THANG!$D$2:$D$1000,HOA_DON_VE_THANG!$B$2:$B$1000,A9) -> 6 | N9: =G9-INT(ThoiDiemTinh) -> -78 | O9: =IF(N9<0,"ĐÃ QUÁ HẠN: Tự động khóa thẻ và đổi trạng thái hết hạn",IF(N9<=NguongCursorNgay,"CẢNH BÁO: Sắp hết hạn trong "&N9&" ngày. Gửi SMS/Email nhắc nộp phí.","Còn hạn an toàn")) -> ĐÃ QUÁ HẠN: Tự động khóa thẻ và đổi trạng thái hết hạn | P9: =IF(N9<=NguongViewNgay,"Có","") -> Có | Q9: =SUMIFS(LOAI_XE!$E$2:$E$1000,LOAI_XE!$A$2:$A$1000,E9,LOAI_XE!$B$2:$B$1000,IF(I9="ALL",INDEX(THE_XE!$B$2:$B$1000,MATCH(B9,THE_XE!$A$2:$A$1000,0)),I9)) -> 170000 | R9: =IF(SUMPRODUCT(--(VE_THANG!$A$2:$A$1000=A9))=1,"ĐẠT","LỆCH") -> ĐẠT | S9: =IF(AND(LEN(A9)=5,LEFT(A9,1)="V",ISNUMBER(-MID(A9,2,4)),ISERROR(FIND(".",MID(A9,2,4)))),"ĐẠT","LỆCH") -> ĐẠT | T9: =IF(SUMPRODUCT(--(VE_THANG!$B$2:$B$1000=B9))=1,"ĐẠT","LỆCH") -> ĐẠT | U9: =IF(AND(SUMPRODUCT(--(THE_XE!$A$2:$A$1000=B9))>0,SUMPRODUCT(--(KHACH_HANG!$A$2:$A$1000=C9))>0),"ĐẠT","LỆCH") -> ĐẠT | V9: =IF(INDEX(THE_XE!$C$2:$C$1000,MATCH(B9,THE_XE!$A$2:$A$1000,0))="Tháng","ĐẠT","LỆCH") -> ĐẠT | W9: =IF(I9="ALL","ĐẠT",IF(INDEX(THE_XE!$B$2:$B$1000,MATCH(B9,THE_XE!$A$2:$A$1000,0))=I9,"ĐẠT","LỆCH")) -> ĐẠT | X9: =IF(I9="ALL","ĐẠT",IF(SUMPRODUCT((LOAI_XE!$A$2:$A$1000=E9)*(LOAI_XE!$B$2:$B$1000=I9))>0,"ĐẠT","LỆCH")) -> ĐẠT | Y9: =IF(M9>0,"ĐẠT","LỆCH") -> ĐẠT | Z9: =IF(G9>=F9,"ĐẠT","LỆCH") -> ĐẠT | AA9: =IF(N9<0,IF(H9="Hết hạn","ĐẠT","LỆCH"),"ĐẠT") -> ĐẠT
A10: V0009 | B10: THE0024 | C10: KH0009 | D10: 51L-802.46 | E10: OT | F10: =IF(LEN(K10)>0,INT(ThoiDiemNap)-K10,J10) -> 46174 | G10: =IF(M10>0,_xlfn.MAXIFS(HOA_DON_VE_THANG!$O$2:$O$1000,HOA_DON_VE_THANG!$B$2:$B$1000,A10),F10) -> 46357 | H10: Hoạt động | I10: BAI_Q7 | J10: 46174 | L10: =INDEX(KHACH_HANG!$B$2:$B$1000,MATCH(C10,KHACH_HANG!$A$2:$A$1000,0)) -> Tạ Thị Kim Oanh | M10: =SUMIFS(HOA_DON_VE_THANG!$D$2:$D$1000,HOA_DON_VE_THANG!$B$2:$B$1000,A10) -> 6 | N10: =G10-INT(ThoiDiemTinh) -> 61 | O10: =IF(N10<0,"ĐÃ QUÁ HẠN: Tự động khóa thẻ và đổi trạng thái hết hạn",IF(N10<=NguongCursorNgay,"CẢNH BÁO: Sắp hết hạn trong "&N10&" ngày. Gửi SMS/Email nhắc nộp phí.","Còn hạn an toàn")) -> Còn hạn an toàn | P10: =IF(N10<=NguongViewNgay,"Có","") | Q10: =SUMIFS(LOAI_XE!$E$2:$E$1000,LOAI_XE!$A$2:$A$1000,E10,LOAI_XE!$B$2:$B$1000,IF(I10="ALL",INDEX(THE_XE!$B$2:$B$1000,MATCH(B10,THE_XE!$A$2:$A$1000,0)),I10)) -> 1700000 | R10: =IF(SUMPRODUCT(--(VE_THANG!$A$2:$A$1000=A10))=1,"ĐẠT","LỆCH") -> ĐẠT | S10: =IF(AND(LEN(A10)=5,LEFT(A10,1)="V",ISNUMBER(-MID(A10,2,4)),ISERROR(FIND(".",MID(A10,2,4)))),"ĐẠT","LỆCH") -> ĐẠT | T10: =IF(SUMPRODUCT(--(VE_THANG!$B$2:$B$1000=B10))=1,"ĐẠT","LỆCH") -> ĐẠT | U10: =IF(AND(SUMPRODUCT(--(THE_XE!$A$2:$A$1000=B10))>0,SUMPRODUCT(--(KHACH_HANG!$A$2:$A$1000=C10))>0),"ĐẠT","LỆCH") -> ĐẠT | V10: =IF(INDEX(THE_XE!$C$2:$C$1000,MATCH(B10,THE_XE!$A$2:$A$1000,0))="Tháng","ĐẠT","LỆCH") -> ĐẠT | W10: =IF(I10="ALL","ĐẠT",IF(INDEX(THE_XE!$B$2:$B$1000,MATCH(B10,THE_XE!$A$2:$A$1000,0))=I10,"ĐẠT","LỆCH")) -> ĐẠT | X10: =IF(I10="ALL","ĐẠT",IF(SUMPRODUCT((LOAI_XE!$A$2:$A$1000=E10)*(LOAI_XE!$B$2:$B$1000=I10))>0,"ĐẠT","LỆCH")) -> ĐẠT | Y10: =IF(M10>0,"ĐẠT","LỆCH") -> ĐẠT | Z10: =IF(G10>=F10,"ĐẠT","LỆCH") -> ĐẠT | AA10: =IF(N10<0,IF(H10="Hết hạn","ĐẠT","LỆCH"),"ĐẠT") -> ĐẠT
A11: V0010 | B11: THE0014 | C11: KH0010 | D11: 51M-135.24 | E11: OT | F11: =IF(LEN(K11)>0,INT(ThoiDiemNap)-K11,J11) -> 46028 | G11: =IF(M11>0,_xlfn.MAXIFS(HOA_DON_VE_THANG!$O$2:$O$1000,HOA_DON_VE_THANG!$B$2:$B$1000,A11),F11) -> 46393 | H11: Hoạt động | I11: BAI_BT | J11: 46028 | L11: =INDEX(KHACH_HANG!$B$2:$B$1000,MATCH(C11,KHACH_HANG!$A$2:$A$1000,0)) -> Phan Gia Huy | M11: =SUMIFS(HOA_DON_VE_THANG!$D$2:$D$1000,HOA_DON_VE_THANG!$B$2:$B$1000,A11) -> 12 | N11: =G11-INT(ThoiDiemTinh) -> 97 | O11: =IF(N11<0,"ĐÃ QUÁ HẠN: Tự động khóa thẻ và đổi trạng thái hết hạn",IF(N11<=NguongCursorNgay,"CẢNH BÁO: Sắp hết hạn trong "&N11&" ngày. Gửi SMS/Email nhắc nộp phí.","Còn hạn an toàn")) -> Còn hạn an toàn | P11: =IF(N11<=NguongViewNgay,"Có","") | Q11: =SUMIFS(LOAI_XE!$E$2:$E$1000,LOAI_XE!$A$2:$A$1000,E11,LOAI_XE!$B$2:$B$1000,IF(I11="ALL",INDEX(THE_XE!$B$2:$B$1000,MATCH(B11,THE_XE!$A$2:$A$1000,0)),I11)) -> 2200000 | R11: =IF(SUMPRODUCT(--(VE_THANG!$A$2:$A$1000=A11))=1,"ĐẠT","LỆCH") -> ĐẠT | S11: =IF(AND(LEN(A11)=5,LEFT(A11,1)="V",ISNUMBER(-MID(A11,2,4)),ISERROR(FIND(".",MID(A11,2,4)))),"ĐẠT","LỆCH") -> ĐẠT | T11: =IF(SUMPRODUCT(--(VE_THANG!$B$2:$B$1000=B11))=1,"ĐẠT","LỆCH") -> ĐẠT | U11: =IF(AND(SUMPRODUCT(--(THE_XE!$A$2:$A$1000=B11))>0,SUMPRODUCT(--(KHACH_HANG!$A$2:$A$1000=C11))>0),"ĐẠT","LỆCH") -> ĐẠT | V11: =IF(INDEX(THE_XE!$C$2:$C$1000,MATCH(B11,THE_XE!$A$2:$A$1000,0))="Tháng","ĐẠT","LỆCH") -> ĐẠT | W11: =IF(I11="ALL","ĐẠT",IF(INDEX(THE_XE!$B$2:$B$1000,MATCH(B11,THE_XE!$A$2:$A$1000,0))=I11,"ĐẠT","LỆCH")) -> ĐẠT | X11: =IF(I11="ALL","ĐẠT",IF(SUMPRODUCT((LOAI_XE!$A$2:$A$1000=E11)*(LOAI_XE!$B$2:$B$1000=I11))>0,"ĐẠT","LỆCH")) -> ĐẠT | Y11: =IF(M11>0,"ĐẠT","LỆCH") -> ĐẠT | Z11: =IF(G11>=F11,"ĐẠT","LỆCH") -> ĐẠT | AA11: =IF(N11<0,IF(H11="Hết hạn","ĐẠT","LỆCH"),"ĐẠT") -> ĐẠT

Sheet HOA_DON_VE_THANG
A1: MaHD | B1: MaVe | C1: NgayThanhToan | D1: SoThangGiaHan | E1: SoTien | F1: MaBai | G1: STT | H1: NgayThanhToanCoDinh | I1: ThanhToanTruocNapNgay | J1: MaLoaiXe | K1: MaBaiApDungVe | L1: MaBaiTinhGia | M1: DonGiaThang | N1: MocTinh | O1: HetHanSau | P1: KT_PK | Q1: KT_FK | R1: KT_SoThangDuong | S1: KT_ThuDungBai | T1: KT_SapXep
A2: ="HD"&TEXT(C2,"yyyymmdd")&TEXT(G2,"000") -> HD20260101001 | B2: V0001 | C2: =IF(LEN(I2)>0,INT(ThoiDiemNap)-I2,H2) -> 46023 | D2: 12 | E2: =D2*M2 -> 2160000 | F2: BAI_Q1 | G2: 1 | H2: 46023 | J2: =INDEX(VE_THANG!$E$2:$E$1000,MATCH(B2,VE_THANG!$A$2:$A$1000,0)) -> XM | K2: =INDEX(VE_THANG!$I$2:$I$1000,MATCH(B2,VE_THANG!$A$2:$A$1000,0)) -> BAI_Q1 | L2: =IF(K2="ALL",F2,K2) -> BAI_Q1 | M2: =SUMIFS(LOAI_XE!$E$2:$E$1000,LOAI_XE!$A$2:$A$1000,J2,LOAI_XE!$B$2:$B$1000,L2) -> 180000 | N2: =IF(B2=B1,MAX(O1,INT(C2)),INDEX(VE_THANG!$F$2:$F$1000,MATCH(B2,VE_THANG!$A$2:$A$1000,0))) -> 46023 | O2: =EDATE(N2,D2) -> 46388 | P2: =IF(SUMPRODUCT(--(HOA_DON_VE_THANG!$A$2:$A$1000=A2))=1,"ĐẠT","LỆCH") -> ĐẠT | Q2: =IF(AND(SUMPRODUCT(--(VE_THANG!$A$2:$A$1000=B2))>0,SUMPRODUCT(--(BAI_DO_XE!$A$2:$A$1000=F2))>0),"ĐẠT","LỆCH") -> ĐẠT | R2: =IF(AND(D2>0,E2>0),"ĐẠT","LỆCH") -> ĐẠT | S2: =IF(K2="ALL","ĐẠT",IF(F2=K2,"ĐẠT","LỆCH")) -> ĐẠT | T2: ="ĐẠT" -> ĐẠT
A3: ="HD"&TEXT(C3,"yyyymmdd")&TEXT(G3,"000") -> HD20260110002 | B3: V0002 | C3: =IF(LEN(I3)>0,INT(ThoiDiemNap)-I3,H3) -> 46032 | D3: 9 | E3: =D3*M3 -> 16200000 | F3: BAI_Q1 | G3: 2 | H3: 46032 | J3: =INDEX(VE_THANG!$E$2:$E$1000,MATCH(B3,VE_THANG!$A$2:$A$1000,0)) -> OT | K3: =INDEX(VE_THANG!$I$2:$I$1000,MATCH(B3,VE_THANG!$A$2:$A$1000,0)) -> BAI_Q1 | L3: =IF(K3="ALL",F3,K3) -> BAI_Q1 | M3: =SUMIFS(LOAI_XE!$E$2:$E$1000,LOAI_XE!$A$2:$A$1000,J3,LOAI_XE!$B$2:$B$1000,L3) -> 1800000 | N3: =IF(B3=B2,MAX(O2,INT(C3)),INDEX(VE_THANG!$F$2:$F$1000,MATCH(B3,VE_THANG!$A$2:$A$1000,0))) -> 46032 | O3: =EDATE(N3,D3) -> 46305 | P3: =IF(SUMPRODUCT(--(HOA_DON_VE_THANG!$A$2:$A$1000=A3))=1,"ĐẠT","LỆCH") -> ĐẠT | Q3: =IF(AND(SUMPRODUCT(--(VE_THANG!$A$2:$A$1000=B3))>0,SUMPRODUCT(--(BAI_DO_XE!$A$2:$A$1000=F3))>0),"ĐẠT","LỆCH") -> ĐẠT | R3: =IF(AND(D3>0,E3>0),"ĐẠT","LỆCH") -> ĐẠT | S3: =IF(K3="ALL","ĐẠT",IF(F3=K3,"ĐẠT","LỆCH")) -> ĐẠT | T3: =IF(OR(B3<>B2,C3>=C2),"ĐẠT","LỆCH") -> ĐẠT
A4: ="HD"&TEXT(C4,"yyyymmdd")&TEXT(G4,"000") -> HD20260103003 | B4: V0003 | C4: =IF(LEN(I4)>0,INT(ThoiDiemNap)-I4,H4) -> 46025 | D4: 1 | E4: =D4*M4 -> 150000 | F4: BAI_Q3 | G4: 3 | H4: 46025 | J4: =INDEX(VE_THANG!$E$2:$E$1000,MATCH(B4,VE_THANG!$A$2:$A$1000,0)) -> XM | K4: =INDEX(VE_THANG!$I$2:$I$1000,MATCH(B4,VE_THANG!$A$2:$A$1000,0)) -> BAI_Q3 | L4: =IF(K4="ALL",F4,K4) -> BAI_Q3 | M4: =SUMIFS(LOAI_XE!$E$2:$E$1000,LOAI_XE!$A$2:$A$1000,J4,LOAI_XE!$B$2:$B$1000,L4) -> 150000 | N4: =IF(B4=B3,MAX(O3,INT(C4)),INDEX(VE_THANG!$F$2:$F$1000,MATCH(B4,VE_THANG!$A$2:$A$1000,0))) -> 46025 | O4: =EDATE(N4,D4) -> 46056 | P4: =IF(SUMPRODUCT(--(HOA_DON_VE_THANG!$A$2:$A$1000=A4))=1,"ĐẠT","LỆCH") -> ĐẠT | Q4: =IF(AND(SUMPRODUCT(--(VE_THANG!$A$2:$A$1000=B4))>0,SUMPRODUCT(--(BAI_DO_XE!$A$2:$A$1000=F4))>0),"ĐẠT","LỆCH") -> ĐẠT | R4: =IF(AND(D4>0,E4>0),"ĐẠT","LỆCH") -> ĐẠT | S4: =IF(K4="ALL","ĐẠT",IF(F4=K4,"ĐẠT","LỆCH")) -> ĐẠT | T4: =IF(OR(B4<>B3,C4>=C3),"ĐẠT","LỆCH") -> ĐẠT
A5: ="HD"&TEXT(C5,"yyyymmdd")&TEXT(G5,"000") -> HD20260108004 | B5: V0004 | C5: =IF(LEN(I5)>0,INT(ThoiDiemNap)-I5,H5) -> 46030 | D5: 10 | E5: =D5*M5 -> 15000000 | F5: BAI_Q3 | G5: 4 | H5: 46030 | J5: =INDEX(VE_THANG!$E$2:$E$1000,MATCH(B5,VE_THANG!$A$2:$A$1000,0)) -> OT | K5: =INDEX(VE_THANG!$I$2:$I$1000,MATCH(B5,VE_THANG!$A$2:$A$1000,0)) -> ALL | L5: =IF(K5="ALL",F5,K5) -> BAI_Q3 | M5: =SUMIFS(LOAI_XE!$E$2:$E$1000,LOAI_XE!$A$2:$A$1000,J5,LOAI_XE!$B$2:$B$1000,L5) -> 1500000 | N5: =IF(B5=B4,MAX(O4,INT(C5)),INDEX(VE_THANG!$F$2:$F$1000,MATCH(B5,VE_THANG!$A$2:$A$1000,0))) -> 46030 | O5: =EDATE(N5,D5) -> 46334 | P5: =IF(SUMPRODUCT(--(HOA_DON_VE_THANG!$A$2:$A$1000=A5))=1,"ĐẠT","LỆCH") -> ĐẠT | Q5: =IF(AND(SUMPRODUCT(--(VE_THANG!$A$2:$A$1000=B5))>0,SUMPRODUCT(--(BAI_DO_XE!$A$2:$A$1000=F5))>0),"ĐẠT","LỆCH") -> ĐẠT | R5: =IF(AND(D5>0,E5>0),"ĐẠT","LỆCH") -> ĐẠT | S5: =IF(K5="ALL","ĐẠT",IF(F5=K5,"ĐẠT","LỆCH")) -> ĐẠT | T5: =IF(OR(B5<>B4,C5>=C4),"ĐẠT","LỆCH") -> ĐẠT
A6: ="HD"&TEXT(C6,"yyyymmdd")&TEXT(G6,"000") -> HD20260102005 | B6: V0005 | C6: =IF(LEN(I6)>0,INT(ThoiDiemNap)-I6,H6) -> 46024 | D6: 12 | E6: =D6*M6 -> 2400000 | F6: BAI_BT | G6: 5 | H6: 46024 | J6: =INDEX(VE_THANG!$E$2:$E$1000,MATCH(B6,VE_THANG!$A$2:$A$1000,0)) -> XM | K6: =INDEX(VE_THANG!$I$2:$I$1000,MATCH(B6,VE_THANG!$A$2:$A$1000,0)) -> BAI_BT | L6: =IF(K6="ALL",F6,K6) -> BAI_BT | M6: =SUMIFS(LOAI_XE!$E$2:$E$1000,LOAI_XE!$A$2:$A$1000,J6,LOAI_XE!$B$2:$B$1000,L6) -> 200000 | N6: =IF(B6=B5,MAX(O5,INT(C6)),INDEX(VE_THANG!$F$2:$F$1000,MATCH(B6,VE_THANG!$A$2:$A$1000,0))) -> 46024 | O6: =EDATE(N6,D6) -> 46389 | P6: =IF(SUMPRODUCT(--(HOA_DON_VE_THANG!$A$2:$A$1000=A6))=1,"ĐẠT","LỆCH") -> ĐẠT | Q6: =IF(AND(SUMPRODUCT(--(VE_THANG!$A$2:$A$1000=B6))>0,SUMPRODUCT(--(BAI_DO_XE!$A$2:$A$1000=F6))>0),"ĐẠT","LỆCH") -> ĐẠT | R6: =IF(AND(D6>0,E6>0),"ĐẠT","LỆCH") -> ĐẠT | S6: =IF(K6="ALL","ĐẠT",IF(F6=K6,"ĐẠT","LỆCH")) -> ĐẠT | T6: =IF(OR(B6<>B5,C6>=C5),"ĐẠT","LỆCH") -> ĐẠT
A7: ="HD"&TEXT(C7,"yyyymmdd")&TEXT(G7,"000") -> HD20260301006 | B7: V0006 | C7: =IF(LEN(I7)>0,INT(ThoiDiemNap)-I7,H7) -> 46082 | D7: 12 | E7: =D7*M7 -> 19200000 | F7: BAI_TB | G7: 6 | H7: 46082 | J7: =INDEX(VE_THANG!$E$2:$E$1000,MATCH(B7,VE_THANG!$A$2:$A$1000,0)) -> OT | K7: =INDEX(VE_THANG!$I$2:$I$1000,MATCH(B7,VE_THANG!$A$2:$A$1000,0)) -> BAI_TB | L7: =IF(K7="ALL",F7,K7) -> BAI_TB | M7: =SUMIFS(LOAI_XE!$E$2:$E$1000,LOAI_XE!$A$2:$A$1000,J7,LOAI_XE!$B$2:$B$1000,L7) -> 1600000 | N7: =IF(B7=B6,MAX(O6,INT(C7)),INDEX(VE_THANG!$F$2:$F$1000,MATCH(B7,VE_THANG!$A$2:$A$1000,0))) -> 46082 | O7: =EDATE(N7,D7) -> 46447 | P7: =IF(SUMPRODUCT(--(HOA_DON_VE_THANG!$A$2:$A$1000=A7))=1,"ĐẠT","LỆCH") -> ĐẠT | Q7: =IF(AND(SUMPRODUCT(--(VE_THANG!$A$2:$A$1000=B7))>0,SUMPRODUCT(--(BAI_DO_XE!$A$2:$A$1000=F7))>0),"ĐẠT","LỆCH") -> ĐẠT | R7: =IF(AND(D7>0,E7>0),"ĐẠT","LỆCH") -> ĐẠT | S7: =IF(K7="ALL","ĐẠT",IF(F7=K7,"ĐẠT","LỆCH")) -> ĐẠT | T7: =IF(OR(B7<>B6,C7>=C6),"ĐẠT","LỆCH") -> ĐẠT
A8: ="HD"&TEXT(C8,"yyyymmdd")&TEXT(G8,"000") -> HD20260903007 | B8: V0007 | C8: =IF(LEN(I8)>0,INT(ThoiDiemNap)-I8,H8) -> 46268 | D8: 1 | E8: =D8*M8 -> 200000 | F8: BAI_TB | G8: 7 | I8: 28 | J8: =INDEX(VE_THANG!$E$2:$E$1000,MATCH(B8,VE_THANG!$A$2:$A$1000,0)) -> XM | K8: =INDEX(VE_THANG!$I$2:$I$1000,MATCH(B8,VE_THANG!$A$2:$A$1000,0)) -> BAI_TB | L8: =IF(K8="ALL",F8,K8) -> BAI_TB | M8: =SUMIFS(LOAI_XE!$E$2:$E$1000,LOAI_XE!$A$2:$A$1000,J8,LOAI_XE!$B$2:$B$1000,L8) -> 200000 | N8: =IF(B8=B7,MAX(O7,INT(C8)),INDEX(VE_THANG!$F$2:$F$1000,MATCH(B8,VE_THANG!$A$2:$A$1000,0))) -> 46268 | O8: =EDATE(N8,D8) -> 46298 | P8: =IF(SUMPRODUCT(--(HOA_DON_VE_THANG!$A$2:$A$1000=A8))=1,"ĐẠT","LỆCH") -> ĐẠT | Q8: =IF(AND(SUMPRODUCT(--(VE_THANG!$A$2:$A$1000=B8))>0,SUMPRODUCT(--(BAI_DO_XE!$A$2:$A$1000=F8))>0),"ĐẠT","LỆCH") -> ĐẠT | R8: =IF(AND(D8>0,E8>0),"ĐẠT","LỆCH") -> ĐẠT | S8: =IF(K8="ALL","ĐẠT",IF(F8=K8,"ĐẠT","LỆCH")) -> ĐẠT | T8: =IF(OR(B8<>B7,C8>=C7),"ĐẠT","LỆCH") -> ĐẠT
A9: ="HD"&TEXT(C9,"yyyymmdd")&TEXT(G9,"000") -> HD20260115008 | B9: V0008 | C9: =IF(LEN(I9)>0,INT(ThoiDiemNap)-I9,H9) -> 46037 | D9: 6 | E9: =D9*M9 -> 1020000 | F9: BAI_Q7 | G9: 8 | H9: 46037 | J9: =INDEX(VE_THANG!$E$2:$E$1000,MATCH(B9,VE_THANG!$A$2:$A$1000,0)) -> XM | K9: =INDEX(VE_THANG!$I$2:$I$1000,MATCH(B9,VE_THANG!$A$2:$A$1000,0)) -> BAI_Q7 | L9: =IF(K9="ALL",F9,K9) -> BAI_Q7 | M9: =SUMIFS(LOAI_XE!$E$2:$E$1000,LOAI_XE!$A$2:$A$1000,J9,LOAI_XE!$B$2:$B$1000,L9) -> 170000 | N9: =IF(B9=B8,MAX(O8,INT(C9)),INDEX(VE_THANG!$F$2:$F$1000,MATCH(B9,VE_THANG!$A$2:$A$1000,0))) -> 46037 | O9: =EDATE(N9,D9) -> 46218 | P9: =IF(SUMPRODUCT(--(HOA_DON_VE_THANG!$A$2:$A$1000=A9))=1,"ĐẠT","LỆCH") -> ĐẠT | Q9: =IF(AND(SUMPRODUCT(--(VE_THANG!$A$2:$A$1000=B9))>0,SUMPRODUCT(--(BAI_DO_XE!$A$2:$A$1000=F9))>0),"ĐẠT","LỆCH") -> ĐẠT | R9: =IF(AND(D9>0,E9>0),"ĐẠT","LỆCH") -> ĐẠT | S9: =IF(K9="ALL","ĐẠT",IF(F9=K9,"ĐẠT","LỆCH")) -> ĐẠT | T9: =IF(OR(B9<>B8,C9>=C8),"ĐẠT","LỆCH") -> ĐẠT
A10: ="HD"&TEXT(C10,"yyyymmdd")&TEXT(G10,"000") -> HD20260601009 | B10: V0009 | C10: =IF(LEN(I10)>0,INT(ThoiDiemNap)-I10,H10) -> 46174 | D10: 6 | E10: =D10*M10 -> 10200000 | F10: BAI_Q7 | G10: 9 | H10: 46174 | J10: =INDEX(VE_THANG!$E$2:$E$1000,MATCH(B10,VE_THANG!$A$2:$A$1000,0)) -> OT | K10: =INDEX(VE_THANG!$I$2:$I$1000,MATCH(B10,VE_THANG!$A$2:$A$1000,0)) -> BAI_Q7 | L10: =IF(K10="ALL",F10,K10) -> BAI_Q7 | M10: =SUMIFS(LOAI_XE!$E$2:$E$1000,LOAI_XE!$A$2:$A$1000,J10,LOAI_XE!$B$2:$B$1000,L10) -> 1700000 | N10: =IF(B10=B9,MAX(O9,INT(C10)),INDEX(VE_THANG!$F$2:$F$1000,MATCH(B10,VE_THANG!$A$2:$A$1000,0))) -> 46174 | O10: =EDATE(N10,D10) -> 46357 | P10: =IF(SUMPRODUCT(--(HOA_DON_VE_THANG!$A$2:$A$1000=A10))=1,"ĐẠT","LỆCH") -> ĐẠT | Q10: =IF(AND(SUMPRODUCT(--(VE_THANG!$A$2:$A$1000=B10))>0,SUMPRODUCT(--(BAI_DO_XE!$A$2:$A$1000=F10))>0),"ĐẠT","LỆCH") -> ĐẠT | R10: =IF(AND(D10>0,E10>0),"ĐẠT","LỆCH") -> ĐẠT | S10: =IF(K10="ALL","ĐẠT",IF(F10=K10,"ĐẠT","LỆCH")) -> ĐẠT | T10: =IF(OR(B10<>B9,C10>=C9),"ĐẠT","LỆCH") -> ĐẠT
A11: ="HD"&TEXT(C11,"yyyymmdd")&TEXT(G11,"000") -> HD20260106010 | B11: V0010 | C11: =IF(LEN(I11)>0,INT(ThoiDiemNap)-I11,H11) -> 46028 | D11: 12 | E11: =D11*M11 -> 26400000 | F11: BAI_BT | G11: 10 | H11: 46028 | J11: =INDEX(VE_THANG!$E$2:$E$1000,MATCH(B11,VE_THANG!$A$2:$A$1000,0)) -> OT | K11: =INDEX(VE_THANG!$I$2:$I$1000,MATCH(B11,VE_THANG!$A$2:$A$1000,0)) -> BAI_BT | L11: =IF(K11="ALL",F11,K11) -> BAI_BT | M11: =SUMIFS(LOAI_XE!$E$2:$E$1000,LOAI_XE!$A$2:$A$1000,J11,LOAI_XE!$B$2:$B$1000,L11) -> 2200000 | N11: =IF(B11=B10,MAX(O10,INT(C11)),INDEX(VE_THANG!$F$2:$F$1000,MATCH(B11,VE_THANG!$A$2:$A$1000,0))) -> 46028 | O11: =EDATE(N11,D11) -> 46393 | P11: =IF(SUMPRODUCT(--(HOA_DON_VE_THANG!$A$2:$A$1000=A11))=1,"ĐẠT","LỆCH") -> ĐẠT | Q11: =IF(AND(SUMPRODUCT(--(VE_THANG!$A$2:$A$1000=B11))>0,SUMPRODUCT(--(BAI_DO_XE!$A$2:$A$1000=F11))>0),"ĐẠT","LỆCH") -> ĐẠT | R11: =IF(AND(D11>0,E11>0),"ĐẠT","LỆCH") -> ĐẠT | S11: =IF(K11="ALL","ĐẠT",IF(F11=K11,"ĐẠT","LỆCH")) -> ĐẠT | T11: =IF(OR(B11<>B10,C11>=C10),"ĐẠT","LỆCH") -> ĐẠT

Sheet LUOT_GUI
A1: MaLuot | B1: MaThe | C1: BienSo | D1: ThoiGianVao | E1: ThoiGianRa | F1: MaViTri | G1: TienGui | H1: MaBai | I1: ThoiGianVaoCoDinh | J1: ThoiGianRaCoDinh | K1: VaoTruocNapPhut | L1: LoaiThe | M1: MaLoaiXe | N1: DonGiaGio | O1: ThoiDiemTinhPhi | P1: SoPhut | Q1: SoBlockGio | R1: TienTinh | S1: MaBaiApDungVe | T1: BienSoVeThang | U1: CanhBaoLechBienSo | V1: KT_MaLuotTuTang | W1: KT_FK | X1: KT_ODungBai | Y1: KT_TheLuotDungBai | Z1: KT_DungBaiApDung | AA1: KT_ThoiGian | AB1: KT_LuotMoHopLe | AC1: KT_BienSoVeThang
A2: 1 | B2: THE0001 | C2: 59A-111.22 | D2: =IF(LEN(K2)>0,ThoiDiemNap-K2/1440,I2) -> 46272.302 | E2: =IF(LEN(J2)>0,J2,"") -> 46272.469 | F2: Q1_XM_01 | G2: =IF(LEN(E2)=0,0,R2) -> 24000 | H2: BAI_Q1 | I2: 46272.302 | J2: 46272.469 | L2: =INDEX(THE_XE!$C$2:$C$1000,MATCH(B2,THE_XE!$A$2:$A$1000,0)) -> Lượt | M2: =INDEX(VI_TRI_DO!$D$2:$D$1000,MATCH(F2,VI_TRI_DO!$A$2:$A$1000,0)) -> XM | N2: =SUMIFS(LOAI_XE!$D$2:$D$1000,LOAI_XE!$A$2:$A$1000,M2,LOAI_XE!$B$2:$B$1000,H2) -> 6000 | O2: =IF(LEN(E2)=0,ThoiDiemTinh,E2) -> 46272.469 | P2: =INT(O2*1440+0.000001)-INT(D2*1440+0.000001) -> 240 | Q2: =IF(P2<=PhutMienPhi,0,CEILING(P2/PhutMoiBlock,1)) -> 4 | R2: =IF(L2="Tháng",0,Q2*N2) -> 24000 | S2: =IFERROR(INDEX(VE_THANG!$I$2:$I$1000,MATCH(B2,VE_THANG!$B$2:$B$1000,0)),"") | T2: =IFERROR(INDEX(VE_THANG!$D$2:$D$1000,MATCH(B2,VE_THANG!$B$2:$B$1000,0)),"") | U2: =IF(AND(T2<>"",T2<>C2),"LỆCH BIỂN SỐ","") | V2: =IF(A2=ROW()-1,"ĐẠT","LỆCH") -> ĐẠT | W2: =IF(AND(SUMPRODUCT(--(THE_XE!$A$2:$A$1000=B2))>0,SUMPRODUCT(--(VI_TRI_DO!$A$2:$A$1000=F2))>0,SUMPRODUCT(--(BAI_DO_XE!$A$2:$A$1000=H2))>0),"ĐẠT","LỆCH") -> ĐẠT | X2: =IF(INDEX(VI_TRI_DO!$E$2:$E$1000,MATCH(F2,VI_TRI_DO!$A$2:$A$1000,0))=H2,"ĐẠT","LỆCH") -> ĐẠT | Y2: =IF(L2="Lượt",IF(INDEX(THE_XE!$B$2:$B$1000,MATCH(B2,THE_XE!$A$2:$A$1000,0))=H2,"ĐẠT","LỆCH"),"ĐẠT") -> ĐẠT | Z2: =IF(OR(L2<>"Tháng",S2="ALL"),"ĐẠT",IF(S2=H2,"ĐẠT","LỆCH")) -> ĐẠT | AA2: =IF(LEN(E2)=0,"ĐẠT",IF(E2>=D2,"ĐẠT","LỆCH")) -> ĐẠT | AB2: =IF(LEN(E2)=0,IF(AND(INDEX(THE_XE!$D$2:$D$1000,MATCH(B2,THE_XE!$A$2:$A$1000,0))="Hoạt động",OR(L2<>"Tháng",IFERROR(INDEX(VE_THANG!$H$2:$H$1000,MATCH(B2,VE_THANG!$B$2:$B$1000,0)),"")<>"Hết hạn")),"ĐẠT","LỆCH"),"ĐẠT") -> ĐẠT | AC2: =IF(U2="","ĐẠT","LỆCH") -> ĐẠT
A3: 2 | B3: THE0003 | C3: 51G-222.33 | D3: =IF(LEN(K3)>0,ThoiDiemNap-K3/1440,I3) -> 46272.333 | E3: =IF(LEN(J3)>0,J3,"") -> 46272.583 | F3: Q1_OT_01 | G3: =IF(LEN(E3)=0,0,R3) -> 150000 | H3: BAI_Q1 | I3: 46272.333 | J3: 46272.583 | L3: =INDEX(THE_XE!$C$2:$C$1000,MATCH(B3,THE_XE!$A$2:$A$1000,0)) -> Lượt | M3: =INDEX(VI_TRI_DO!$D$2:$D$1000,MATCH(F3,VI_TRI_DO!$A$2:$A$1000,0)) -> OT | N3: =SUMIFS(LOAI_XE!$D$2:$D$1000,LOAI_XE!$A$2:$A$1000,M3,LOAI_XE!$B$2:$B$1000,H3) -> 25000 | O3: =IF(LEN(E3)=0,ThoiDiemTinh,E3) -> 46272.583 | P3: =INT(O3*1440+0.000001)-INT(D3*1440+0.000001) -> 360 | Q3: =IF(P3<=PhutMienPhi,0,CEILING(P3/PhutMoiBlock,1)) -> 6 | R3: =IF(L3="Tháng",0,Q3*N3) -> 150000 | S3: =IFERROR(INDEX(VE_THANG!$I$2:$I$1000,MATCH(B3,VE_THANG!$B$2:$B$1000,0)),"") | T3: =IFERROR(INDEX(VE_THANG!$D$2:$D$1000,MATCH(B3,VE_THANG!$B$2:$B$1000,0)),"") | U3: =IF(AND(T3<>"",T3<>C3),"LỆCH BIỂN SỐ","") | V3: =IF(A3=ROW()-1,"ĐẠT","LỆCH") -> ĐẠT | W3: =IF(AND(SUMPRODUCT(--(THE_XE!$A$2:$A$1000=B3))>0,SUMPRODUCT(--(VI_TRI_DO!$A$2:$A$1000=F3))>0,SUMPRODUCT(--(BAI_DO_XE!$A$2:$A$1000=H3))>0),"ĐẠT","LỆCH") -> ĐẠT | X3: =IF(INDEX(VI_TRI_DO!$E$2:$E$1000,MATCH(F3,VI_TRI_DO!$A$2:$A$1000,0))=H3,"ĐẠT","LỆCH") -> ĐẠT | Y3: =IF(L3="Lượt",IF(INDEX(THE_XE!$B$2:$B$1000,MATCH(B3,THE_XE!$A$2:$A$1000,0))=H3,"ĐẠT","LỆCH"),"ĐẠT") -> ĐẠT | Z3: =IF(OR(L3<>"Tháng",S3="ALL"),"ĐẠT",IF(S3=H3,"ĐẠT","LỆCH")) -> ĐẠT | AA3: =IF(LEN(E3)=0,"ĐẠT",IF(E3>=D3,"ĐẠT","LỆCH")) -> ĐẠT | AB3: =IF(LEN(E3)=0,IF(AND(INDEX(THE_XE!$D$2:$D$1000,MATCH(B3,THE_XE!$A$2:$A$1000,0))="Hoạt động",OR(L3<>"Tháng",IFERROR(INDEX(VE_THANG!$H$2:$H$1000,MATCH(B3,VE_THANG!$B$2:$B$1000,0)),"")<>"Hết hạn")),"ĐẠT","LỆCH"),"ĐẠT") -> ĐẠT | AC3: =IF(U3="","ĐẠT","LỆCH") -> ĐẠT
A4: 3 | B4: THE0007 | C4: 59B-333.44 | D4: =IF(LEN(K4)>0,ThoiDiemNap-K4/1440,I4) -> 46272.396 | E4: =IF(LEN(J4)>0,J4,"") -> 46272.521 | F4: Q3_XM_01 | G4: =IF(LEN(E4)=0,0,R4) -> 15000 | H4: BAI_Q3 | I4: 46272.396 | J4: 46272.521 | L4: =INDEX(THE_XE!$C$2:$C$1000,MATCH(B4,THE_XE!$A$2:$A$1000,0)) -> Lượt | M4: =INDEX(VI_TRI_DO!$D$2:$D$1000,MATCH(F4,VI_TRI_DO!$A$2:$A$1000,0)) -> XM | N4: =SUMIFS(LOAI_XE!$D$2:$D$1000,LOAI_XE!$A$2:$A$1000,M4,LOAI_XE!$B$2:$B$1000,H4) -> 5000 | O4: =IF(LEN(E4)=0,ThoiDiemTinh,E4) -> 46272.521 | P4: =INT(O4*1440+0.000001)-INT(D4*1440+0.000001) -> 180 | Q4: =IF(P4<=PhutMienPhi,0,CEILING(P4/PhutMoiBlock,1)) -> 3 | R4: =IF(L4="Tháng",0,Q4*N4) -> 15000 | S4: =IFERROR(INDEX(VE_THANG!$I$2:$I$1000,MATCH(B4,VE_THANG!$B$2:$B$1000,0)),"") | T4: =IFERROR(INDEX(VE_THANG!$D$2:$D$1000,MATCH(B4,VE_THANG!$B$2:$B$1000,0)),"") | U4: =IF(AND(T4<>"",T4<>C4),"LỆCH BIỂN SỐ","") | V4: =IF(A4=ROW()-1,"ĐẠT","LỆCH") -> ĐẠT | W4: =IF(AND(SUMPRODUCT(--(THE_XE!$A$2:$A$1000=B4))>0,SUMPRODUCT(--(VI_TRI_DO!$A$2:$A$1000=F4))>0,SUMPRODUCT(--(BAI_DO_XE!$A$2:$A$1000=H4))>0),"ĐẠT","LỆCH") -> ĐẠT | X4: =IF(INDEX(VI_TRI_DO!$E$2:$E$1000,MATCH(F4,VI_TRI_DO!$A$2:$A$1000,0))=H4,"ĐẠT","LỆCH") -> ĐẠT | Y4: =IF(L4="Lượt",IF(INDEX(THE_XE!$B$2:$B$1000,MATCH(B4,THE_XE!$A$2:$A$1000,0))=H4,"ĐẠT","LỆCH"),"ĐẠT") -> ĐẠT | Z4: =IF(OR(L4<>"Tháng",S4="ALL"),"ĐẠT",IF(S4=H4,"ĐẠT","LỆCH")) -> ĐẠT | AA4: =IF(LEN(E4)=0,"ĐẠT",IF(E4>=D4,"ĐẠT","LỆCH")) -> ĐẠT | AB4: =IF(LEN(E4)=0,IF(AND(INDEX(THE_XE!$D$2:$D$1000,MATCH(B4,THE_XE!$A$2:$A$1000,0))="Hoạt động",OR(L4<>"Tháng",IFERROR(INDEX(VE_THANG!$H$2:$H$1000,MATCH(B4,VE_THANG!$B$2:$B$1000,0)),"")<>"Hết hạn")),"ĐẠT","LỆCH"),"ĐẠT") -> ĐẠT | AC4: =IF(U4="","ĐẠT","LỆCH") -> ĐẠT
A5: 4 | B5: THE0011 | C5: 59C-444.55 | D5: =IF(LEN(K5)>0,ThoiDiemNap-K5/1440,I5) -> 46272.281 | E5: =IF(LEN(J5)>0,J5,"") -> 46272.74 | F5: BT_XM_01 | G5: =IF(LEN(E5)=0,0,R5) -> 77000 | H5: BAI_BT | I5: 46272.281 | J5: 46272.74 | L5: =INDEX(THE_XE!$C$2:$C$1000,MATCH(B5,THE_XE!$A$2:$A$1000,0)) -> Lượt | M5: =INDEX(VI_TRI_DO!$D$2:$D$1000,MATCH(F5,VI_TRI_DO!$A$2:$A$1000,0)) -> XM | N5: =SUMIFS(LOAI_XE!$D$2:$D$1000,LOAI_XE!$A$2:$A$1000,M5,LOAI_XE!$B$2:$B$1000,H5) -> 7000 | O5: =IF(LEN(E5)=0,ThoiDiemTinh,E5) -> 46272.74 | P5: =INT(O5*1440+0.000001)-INT(D5*1440+0.000001) -> 660 | Q5: =IF(P5<=PhutMienPhi,0,CEILING(P5/PhutMoiBlock,1)) -> 11 | R5: =IF(L5="Tháng",0,Q5*N5) -> 77000 | S5: =IFERROR(INDEX(VE_THANG!$I$2:$I$1000,MATCH(B5,VE_THANG!$B$2:$B$1000,0)),"") | T5: =IFERROR(INDEX(VE_THANG!$D$2:$D$1000,MATCH(B5,VE_THANG!$B$2:$B$1000,0)),"") | U5: =IF(AND(T5<>"",T5<>C5),"LỆCH BIỂN SỐ","") | V5: =IF(A5=ROW()-1,"ĐẠT","LỆCH") -> ĐẠT | W5: =IF(AND(SUMPRODUCT(--(THE_XE!$A$2:$A$1000=B5))>0,SUMPRODUCT(--(VI_TRI_DO!$A$2:$A$1000=F5))>0,SUMPRODUCT(--(BAI_DO_XE!$A$2:$A$1000=H5))>0),"ĐẠT","LỆCH") -> ĐẠT | X5: =IF(INDEX(VI_TRI_DO!$E$2:$E$1000,MATCH(F5,VI_TRI_DO!$A$2:$A$1000,0))=H5,"ĐẠT","LỆCH") -> ĐẠT | Y5: =IF(L5="Lượt",IF(INDEX(THE_XE!$B$2:$B$1000,MATCH(B5,THE_XE!$A$2:$A$1000,0))=H5,"ĐẠT","LỆCH"),"ĐẠT") -> ĐẠT | Z5: =IF(OR(L5<>"Tháng",S5="ALL"),"ĐẠT",IF(S5=H5,"ĐẠT","LỆCH")) -> ĐẠT | AA5: =IF(LEN(E5)=0,"ĐẠT",IF(E5>=D5,"ĐẠT","LỆCH")) -> ĐẠT | AB5: =IF(LEN(E5)=0,IF(AND(INDEX(THE_XE!$D$2:$D$1000,MATCH(B5,THE_XE!$A$2:$A$1000,0))="Hoạt động",OR(L5<>"Tháng",IFERROR(INDEX(VE_THANG!$H$2:$H$1000,MATCH(B5,VE_THANG!$B$2:$B$1000,0)),"")<>"Hết hạn")),"ĐẠT","LỆCH"),"ĐẠT") -> ĐẠT | AC5: =IF(U5="","ĐẠT","LỆCH") -> ĐẠT
A6: 5 | B6: THE0016 | C6: 59D-234.56 | D6: =IF(LEN(K6)>0,ThoiDiemNap-K6/1440,I6) -> 46272.229 | E6: =IF(LEN(J6)>0,J6,"") -> 46272.34 | F6: TB_XM_01 | G6: =IF(LEN(E6)=0,0,R6) -> 15000 | H6: BAI_TB | I6: 46272.229 | J6: 46272.34 | L6: =INDEX(THE_XE!$C$2:$C$1000,MATCH(B6,THE_XE!$A$2:$A$1000,0)) -> Lượt | M6: =INDEX(VI_TRI_DO!$D$2:$D$1000,MATCH(F6,VI_TRI_DO!$A$2:$A$1000,0)) -> XM | N6: =SUMIFS(LOAI_XE!$D$2:$D$1000,LOAI_XE!$A$2:$A$1000,M6,LOAI_XE!$B$2:$B$1000,H6) -> 5000 | O6: =IF(LEN(E6)=0,ThoiDiemTinh,E6) -> 46272.34 | P6: =INT(O6*1440+0.000001)-INT(D6*1440+0.000001) -> 160 | Q6: =IF(P6<=PhutMienPhi,0,CEILING(P6/PhutMoiBlock,1)) -> 3 | R6: =IF(L6="Tháng",0,Q6*N6) -> 15000 | S6: =IFERROR(INDEX(VE_THANG!$I$2:$I$1000,MATCH(B6,VE_THANG!$B$2:$B$1000,0)),"") | T6: =IFERROR(INDEX(VE_THANG!$D$2:$D$1000,MATCH(B6,VE_THANG!$B$2:$B$1000,0)),"") | U6: =IF(AND(T6<>"",T6<>C6),"LỆCH BIỂN SỐ","") | V6: =IF(A6=ROW()-1,"ĐẠT","LỆCH") -> ĐẠT | W6: =IF(AND(SUMPRODUCT(--(THE_XE!$A$2:$A$1000=B6))>0,SUMPRODUCT(--(VI_TRI_DO!$A$2:$A$1000=F6))>0,SUMPRODUCT(--(BAI_DO_XE!$A$2:$A$1000=H6))>0),"ĐẠT","LỆCH") -> ĐẠT | X6: =IF(INDEX(VI_TRI_DO!$E$2:$E$1000,MATCH(F6,VI_TRI_DO!$A$2:$A$1000,0))=H6,"ĐẠT","LỆCH") -> ĐẠT | Y6: =IF(L6="Lượt",IF(INDEX(THE_XE!$B$2:$B$1000,MATCH(B6,THE_XE!$A$2:$A$1000,0))=H6,"ĐẠT","LỆCH"),"ĐẠT") -> ĐẠT | Z6: =IF(OR(L6<>"Tháng",S6="ALL"),"ĐẠT",IF(S6=H6,"ĐẠT","LỆCH")) -> ĐẠT | AA6: =IF(LEN(E6)=0,"ĐẠT",IF(E6>=D6,"ĐẠT","LỆCH")) -> ĐẠT | AB6: =IF(LEN(E6)=0,IF(AND(INDEX(THE_XE!$D$2:$D$1000,MATCH(B6,THE_XE!$A$2:$A$1000,0))="Hoạt động",OR(L6<>"Tháng",IFERROR(INDEX(VE_THANG!$H$2:$H$1000,MATCH(B6,VE_THANG!$B$2:$B$1000,0)),"")<>"Hết hạn")),"ĐẠT","LỆCH"),"ĐẠT") -> ĐẠT | AC6: =IF(U6="","ĐẠT","LỆCH") -> ĐẠT
A7: 6 | B7: THE0018 | C7: 51F-135.79 | D7: =IF(LEN(K7)>0,ThoiDiemNap-K7/1440,I7) -> 46272.417 | E7: =IF(LEN(J7)>0,J7,"") -> 46272.639 | F7: TB_OT_04 | G7: =IF(LEN(E7)=0,0,R7) -> 150000 | H7: BAI_TB | I7: 46272.417 | J7: 46272.639 | L7: =INDEX(THE_XE!$C$2:$C$1000,MATCH(B7,THE_XE!$A$2:$A$1000,0)) -> Lượt | M7: =INDEX(VI_TRI_DO!$D$2:$D$1000,MATCH(F7,VI_TRI_DO!$A$2:$A$1000,0)) -> OT | N7: =SUMIFS(LOAI_XE!$D$2:$D$1000,LOAI_XE!$A$2:$A$1000,M7,LOAI_XE!$B$2:$B$1000,H7) -> 25000 | O7: =IF(LEN(E7)=0,ThoiDiemTinh,E7) -> 46272.639 | P7: =INT(O7*1440+0.000001)-INT(D7*1440+0.000001) -> 320 | Q7: =IF(P7<=PhutMienPhi,0,CEILING(P7/PhutMoiBlock,1)) -> 6 | R7: =IF(L7="Tháng",0,Q7*N7) -> 150000 | S7: =IFERROR(INDEX(VE_THANG!$I$2:$I$1000,MATCH(B7,VE_THANG!$B$2:$B$1000,0)),"") | T7: =IFERROR(INDEX(VE_THANG!$D$2:$D$1000,MATCH(B7,VE_THANG!$B$2:$B$1000,0)),"") | U7: =IF(AND(T7<>"",T7<>C7),"LỆCH BIỂN SỐ","") | V7: =IF(A7=ROW()-1,"ĐẠT","LỆCH") -> ĐẠT | W7: =IF(AND(SUMPRODUCT(--(THE_XE!$A$2:$A$1000=B7))>0,SUMPRODUCT(--(VI_TRI_DO!$A$2:$A$1000=F7))>0,SUMPRODUCT(--(BAI_DO_XE!$A$2:$A$1000=H7))>0),"ĐẠT","LỆCH") -> ĐẠT | X7: =IF(INDEX(VI_TRI_DO!$E$2:$E$1000,MATCH(F7,VI_TRI_DO!$A$2:$A$1000,0))=H7,"ĐẠT","LỆCH") -> ĐẠT | Y7: =IF(L7="Lượt",IF(INDEX(THE_XE!$B$2:$B$1000,MATCH(B7,THE_XE!$A$2:$A$1000,0))=H7,"ĐẠT","LỆCH"),"ĐẠT") -> ĐẠT | Z7: =IF(OR(L7<>"Tháng",S7="ALL"),"ĐẠT",IF(S7=H7,"ĐẠT","LỆCH")) -> ĐẠT | AA7: =IF(LEN(E7)=0,"ĐẠT",IF(E7>=D7,"ĐẠT","LỆCH")) -> ĐẠT | AB7: =IF(LEN(E7)=0,IF(AND(INDEX(THE_XE!$D$2:$D$1000,MATCH(B7,THE_XE!$A$2:$A$1000,0))="Hoạt động",OR(L7<>"Tháng",IFERROR(INDEX(VE_THANG!$H$2:$H$1000,MATCH(B7,VE_THANG!$B$2:$B$1000,0)),"")<>"Hết hạn")),"ĐẠT","LỆCH"),"ĐẠT") -> ĐẠT | AC7: =IF(U7="","ĐẠT","LỆCH") -> ĐẠT
A8: 7 | B8: THE0017 | C8: 51K-246.80 | D8: =IF(LEN(K8)>0,ThoiDiemNap-K8/1440,I8) -> 46273.25 | E8: =IF(LEN(J8)>0,J8,"") -> 46273.75 | F8: TB_OT_02 | G8: =IF(LEN(E8)=0,0,R8) -> 0 | H8: BAI_TB | I8: 46273.25 | J8: 46273.75 | L8: =INDEX(THE_XE!$C$2:$C$1000,MATCH(B8,THE_XE!$A$2:$A$1000,0)) -> Tháng | M8: =INDEX(VI_TRI_DO!$D$2:$D$1000,MATCH(F8,VI_TRI_DO!$A$2:$A$1000,0)) -> OT | N8: =SUMIFS(LOAI_XE!$D$2:$D$1000,LOAI_XE!$A$2:$A$1000,M8,LOAI_XE!$B$2:$B$1000,H8) -> 25000 | O8: =IF(LEN(E8)=0,ThoiDiemTinh,E8) -> 46273.75 | P8: =INT(O8*1440+0.000001)-INT(D8*1440+0.000001) -> 720 | Q8: =IF(P8<=PhutMienPhi,0,CEILING(P8/PhutMoiBlock,1)) -> 12 | R8: =IF(L8="Tháng",0,Q8*N8) -> 0 | S8: =IFERROR(INDEX(VE_THANG!$I$2:$I$1000,MATCH(B8,VE_THANG!$B$2:$B$1000,0)),"") -> BAI_TB | T8: =IFERROR(INDEX(VE_THANG!$D$2:$D$1000,MATCH(B8,VE_THANG!$B$2:$B$1000,0)),"") -> 51K-246.80 | U8: =IF(AND(T8<>"",T8<>C8),"LỆCH BIỂN SỐ","") | V8: =IF(A8=ROW()-1,"ĐẠT","LỆCH") -> ĐẠT | W8: =IF(AND(SUMPRODUCT(--(THE_XE!$A$2:$A$1000=B8))>0,SUMPRODUCT(--(VI_TRI_DO!$A$2:$A$1000=F8))>0,SUMPRODUCT(--(BAI_DO_XE!$A$2:$A$1000=H8))>0),"ĐẠT","LỆCH") -> ĐẠT | X8: =IF(INDEX(VI_TRI_DO!$E$2:$E$1000,MATCH(F8,VI_TRI_DO!$A$2:$A$1000,0))=H8,"ĐẠT","LỆCH") -> ĐẠT | Y8: =IF(L8="Lượt",IF(INDEX(THE_XE!$B$2:$B$1000,MATCH(B8,THE_XE!$A$2:$A$1000,0))=H8,"ĐẠT","LỆCH"),"ĐẠT") -> ĐẠT | Z8: =IF(OR(L8<>"Tháng",S8="ALL"),"ĐẠT",IF(S8=H8,"ĐẠT","LỆCH")) -> ĐẠT | AA8: =IF(LEN(E8)=0,"ĐẠT",IF(E8>=D8,"ĐẠT","LỆCH")) -> ĐẠT | AB8: =IF(LEN(E8)=0,IF(AND(INDEX(THE_XE!$D$2:$D$1000,MATCH(B8,THE_XE!$A$2:$A$1000,0))="Hoạt động",OR(L8<>"Tháng",IFERROR(INDEX(VE_THANG!$H$2:$H$1000,MATCH(B8,VE_THANG!$B$2:$B$1000,0)),"")<>"Hết hạn")),"ĐẠT","LỆCH"),"ĐẠT") -> ĐẠT | AC8: =IF(U8="","ĐẠT","LỆCH") -> ĐẠT
A9: 8 | B9: THE0021 | C9: 59T-111.22 | D9: =IF(LEN(K9)>0,ThoiDiemNap-K9/1440,I9) -> 46272.75 | E9: =IF(LEN(J9)>0,J9,"") -> 46272.906 | F9: Q7_XM_02 | G9: =IF(LEN(E9)=0,0,R9) -> 20000 | H9: BAI_Q7 | I9: 46272.75 | J9: 46272.906 | L9: =INDEX(THE_XE!$C$2:$C$1000,MATCH(B9,THE_XE!$A$2:$A$1000,0)) -> Lượt | M9: =INDEX(VI_TRI_DO!$D$2:$D$1000,MATCH(F9,VI_TRI_DO!$A$2:$A$1000,0)) -> XM | N9: =SUMIFS(LOAI_XE!$D$2:$D$1000,LOAI_XE!$A$2:$A$1000,M9,LOAI_XE!$B$2:$B$1000,H9) -> 5000 | O9: =IF(LEN(E9)=0,ThoiDiemTinh,E9) -> 46272.906 | P9: =INT(O9*1440+0.000001)-INT(D9*1440+0.000001) -> 225 | Q9: =IF(P9<=PhutMienPhi,0,CEILING(P9/PhutMoiBlock,1)) -> 4 | R9: =IF(L9="Tháng",0,Q9*N9) -> 20000 | S9: =IFERROR(INDEX(VE_THANG!$I$2:$I$1000,MATCH(B9,VE_THANG!$B$2:$B$1000,0)),"") | T9: =IFERROR(INDEX(VE_THANG!$D$2:$D$1000,MATCH(B9,VE_THANG!$B$2:$B$1000,0)),"") | U9: =IF(AND(T9<>"",T9<>C9),"LỆCH BIỂN SỐ","") | V9: =IF(A9=ROW()-1,"ĐẠT","LỆCH") -> ĐẠT | W9: =IF(AND(SUMPRODUCT(--(THE_XE!$A$2:$A$1000=B9))>0,SUMPRODUCT(--(VI_TRI_DO!$A$2:$A$1000=F9))>0,SUMPRODUCT(--(BAI_DO_XE!$A$2:$A$1000=H9))>0),"ĐẠT","LỆCH") -> ĐẠT | X9: =IF(INDEX(VI_TRI_DO!$E$2:$E$1000,MATCH(F9,VI_TRI_DO!$A$2:$A$1000,0))=H9,"ĐẠT","LỆCH") -> ĐẠT | Y9: =IF(L9="Lượt",IF(INDEX(THE_XE!$B$2:$B$1000,MATCH(B9,THE_XE!$A$2:$A$1000,0))=H9,"ĐẠT","LỆCH"),"ĐẠT") -> ĐẠT | Z9: =IF(OR(L9<>"Tháng",S9="ALL"),"ĐẠT",IF(S9=H9,"ĐẠT","LỆCH")) -> ĐẠT | AA9: =IF(LEN(E9)=0,"ĐẠT",IF(E9>=D9,"ĐẠT","LỆCH")) -> ĐẠT | AB9: =IF(LEN(E9)=0,IF(AND(INDEX(THE_XE!$D$2:$D$1000,MATCH(B9,THE_XE!$A$2:$A$1000,0))="Hoạt động",OR(L9<>"Tháng",IFERROR(INDEX(VE_THANG!$H$2:$H$1000,MATCH(B9,VE_THANG!$B$2:$B$1000,0)),"")<>"Hết hạn")),"ĐẠT","LỆCH"),"ĐẠT") -> ĐẠT | AC9: =IF(U9="","ĐẠT","LỆCH") -> ĐẠT
A10: 9 | B10: THE0023 | C10: 51H-246.13 | D10: =IF(LEN(K10)>0,ThoiDiemNap-K10/1440,I10) -> 46272.458 | E10: =IF(LEN(J10)>0,J10,"") -> 46272.465 | F10: Q7_OT_03 | G10: =IF(LEN(E10)=0,0,R10) -> 0 | H10: BAI_Q7 | I10: 46272.458 | J10: 46272.465 | L10: =INDEX(THE_XE!$C$2:$C$1000,MATCH(B10,THE_XE!$A$2:$A$1000,0)) -> Lượt | M10: =INDEX(VI_TRI_DO!$D$2:$D$1000,MATCH(F10,VI_TRI_DO!$A$2:$A$1000,0)) -> OT | N10: =SUMIFS(LOAI_XE!$D$2:$D$1000,LOAI_XE!$A$2:$A$1000,M10,LOAI_XE!$B$2:$B$1000,H10) -> 20000 | O10: =IF(LEN(E10)=0,ThoiDiemTinh,E10) -> 46272.465 | P10: =INT(O10*1440+0.000001)-INT(D10*1440+0.000001) -> 10 | Q10: =IF(P10<=PhutMienPhi,0,CEILING(P10/PhutMoiBlock,1)) -> 0 | R10: =IF(L10="Tháng",0,Q10*N10) -> 0 | S10: =IFERROR(INDEX(VE_THANG!$I$2:$I$1000,MATCH(B10,VE_THANG!$B$2:$B$1000,0)),"") | T10: =IFERROR(INDEX(VE_THANG!$D$2:$D$1000,MATCH(B10,VE_THANG!$B$2:$B$1000,0)),"") | U10: =IF(AND(T10<>"",T10<>C10),"LỆCH BIỂN SỐ","") | V10: =IF(A10=ROW()-1,"ĐẠT","LỆCH") -> ĐẠT | W10: =IF(AND(SUMPRODUCT(--(THE_XE!$A$2:$A$1000=B10))>0,SUMPRODUCT(--(VI_TRI_DO!$A$2:$A$1000=F10))>0,SUMPRODUCT(--(BAI_DO_XE!$A$2:$A$1000=H10))>0),"ĐẠT","LỆCH") -> ĐẠT | X10: =IF(INDEX(VI_TRI_DO!$E$2:$E$1000,MATCH(F10,VI_TRI_DO!$A$2:$A$1000,0))=H10,"ĐẠT","LỆCH") -> ĐẠT | Y10: =IF(L10="Lượt",IF(INDEX(THE_XE!$B$2:$B$1000,MATCH(B10,THE_XE!$A$2:$A$1000,0))=H10,"ĐẠT","LỆCH"),"ĐẠT") -> ĐẠT | Z10: =IF(OR(L10<>"Tháng",S10="ALL"),"ĐẠT",IF(S10=H10,"ĐẠT","LỆCH")) -> ĐẠT | AA10: =IF(LEN(E10)=0,"ĐẠT",IF(E10>=D10,"ĐẠT","LỆCH")) -> ĐẠT | AB10: =IF(LEN(E10)=0,IF(AND(INDEX(THE_XE!$D$2:$D$1000,MATCH(B10,THE_XE!$A$2:$A$1000,0))="Hoạt động",OR(L10<>"Tháng",IFERROR(INDEX(VE_THANG!$H$2:$H$1000,MATCH(B10,VE_THANG!$B$2:$B$1000,0)),"")<>"Hết hạn")),"ĐẠT","LỆCH"),"ĐẠT") -> ĐẠT | AC10: =IF(U10="","ĐẠT","LỆCH") -> ĐẠT
A11: 10 | B11: THE0001 | C11: 59K-987.65 | D11: =IF(LEN(K11)>0,ThoiDiemNap-K11/1440,I11) -> 46296.368 | E11: =IF(LEN(J11)>0,J11,"") | F11: Q1_XM_02 | G11: =IF(LEN(E11)=0,0,R11) -> 0 | H11: BAI_Q1 | K11: 120 | L11: =INDEX(THE_XE!$C$2:$C$1000,MATCH(B11,THE_XE!$A$2:$A$1000,0)) -> Lượt | M11: =INDEX(VI_TRI_DO!$D$2:$D$1000,MATCH(F11,VI_TRI_DO!$A$2:$A$1000,0)) -> XM | N11: =SUMIFS(LOAI_XE!$D$2:$D$1000,LOAI_XE!$A$2:$A$1000,M11,LOAI_XE!$B$2:$B$1000,H11) -> 6000 | O11: =IF(LEN(E11)=0,ThoiDiemTinh,E11) -> 46296.451 | P11: =INT(O11*1440+0.000001)-INT(D11*1440+0.000001) -> 120 | Q11: =IF(P11<=PhutMienPhi,0,CEILING(P11/PhutMoiBlock,1)) -> 2 | R11: =IF(L11="Tháng",0,Q11*N11) -> 12000 | S11: =IFERROR(INDEX(VE_THANG!$I$2:$I$1000,MATCH(B11,VE_THANG!$B$2:$B$1000,0)),"") | T11: =IFERROR(INDEX(VE_THANG!$D$2:$D$1000,MATCH(B11,VE_THANG!$B$2:$B$1000,0)),"") | U11: =IF(AND(T11<>"",T11<>C11),"LỆCH BIỂN SỐ","") | V11: =IF(A11=ROW()-1,"ĐẠT","LỆCH") -> ĐẠT | W11: =IF(AND(SUMPRODUCT(--(THE_XE!$A$2:$A$1000=B11))>0,SUMPRODUCT(--(VI_TRI_DO!$A$2:$A$1000=F11))>0,SUMPRODUCT(--(BAI_DO_XE!$A$2:$A$1000=H11))>0),"ĐẠT","LỆCH") -> ĐẠT | X11: =IF(INDEX(VI_TRI_DO!$E$2:$E$1000,MATCH(F11,VI_TRI_DO!$A$2:$A$1000,0))=H11,"ĐẠT","LỆCH") -> ĐẠT | Y11: =IF(L11="Lượt",IF(INDEX(THE_XE!$B$2:$B$1000,MATCH(B11,THE_XE!$A$2:$A$1000,0))=H11,"ĐẠT","LỆCH"),"ĐẠT") -> ĐẠT | Z11: =IF(OR(L11<>"Tháng",S11="ALL"),"ĐẠT",IF(S11=H11,"ĐẠT","LỆCH")) -> ĐẠT | AA11: =IF(LEN(E11)=0,"ĐẠT",IF(E11>=D11,"ĐẠT","LỆCH")) -> ĐẠT | AB11: =IF(LEN(E11)=0,IF(AND(INDEX(THE_XE!$D$2:$D$1000,MATCH(B11,THE_XE!$A$2:$A$1000,0))="Hoạt động",OR(L11<>"Tháng",IFERROR(INDEX(VE_THANG!$H$2:$H$1000,MATCH(B11,VE_THANG!$B$2:$B$1000,0)),"")<>"Hết hạn")),"ĐẠT","LỆCH"),"ĐẠT") -> ĐẠT | AC11: =IF(U11="","ĐẠT","LỆCH") -> ĐẠT
A12: 11 | B12: THE0002 | C12: 59A-123.45 | D12: =IF(LEN(K12)>0,ThoiDiemNap-K12/1440,I12) -> 46296.285 | E12: =IF(LEN(J12)>0,J12,"") | F12: Q1_XM_03 | G12: =IF(LEN(E12)=0,0,R12) -> 0 | H12: BAI_Q1 | K12: 240 | L12: =INDEX(THE_XE!$C$2:$C$1000,MATCH(B12,THE_XE!$A$2:$A$1000,0)) -> Tháng | M12: =INDEX(VI_TRI_DO!$D$2:$D$1000,MATCH(F12,VI_TRI_DO!$A$2:$A$1000,0)) -> XM | N12: =SUMIFS(LOAI_XE!$D$2:$D$1000,LOAI_XE!$A$2:$A$1000,M12,LOAI_XE!$B$2:$B$1000,H12) -> 6000 | O12: =IF(LEN(E12)=0,ThoiDiemTinh,E12) -> 46296.451 | P12: =INT(O12*1440+0.000001)-INT(D12*1440+0.000001) -> 240 | Q12: =IF(P12<=PhutMienPhi,0,CEILING(P12/PhutMoiBlock,1)) -> 4 | R12: =IF(L12="Tháng",0,Q12*N12) -> 0 | S12: =IFERROR(INDEX(VE_THANG!$I$2:$I$1000,MATCH(B12,VE_THANG!$B$2:$B$1000,0)),"") -> BAI_Q1 | T12: =IFERROR(INDEX(VE_THANG!$D$2:$D$1000,MATCH(B12,VE_THANG!$B$2:$B$1000,0)),"") -> 59A-123.45 | U12: =IF(AND(T12<>"",T12<>C12),"LỆCH BIỂN SỐ","") | V12: =IF(A12=ROW()-1,"ĐẠT","LỆCH") -> ĐẠT | W12: =IF(AND(SUMPRODUCT(--(THE_XE!$A$2:$A$1000=B12))>0,SUMPRODUCT(--(VI_TRI_DO!$A$2:$A$1000=F12))>0,SUMPRODUCT(--(BAI_DO_XE!$A$2:$A$1000=H12))>0),"ĐẠT","LỆCH") -> ĐẠT | X12: =IF(INDEX(VI_TRI_DO!$E$2:$E$1000,MATCH(F12,VI_TRI_DO!$A$2:$A$1000,0))=H12,"ĐẠT","LỆCH") -> ĐẠT | Y12: =IF(L12="Lượt",IF(INDEX(THE_XE!$B$2:$B$1000,MATCH(B12,THE_XE!$A$2:$A$1000,0))=H12,"ĐẠT","LỆCH"),"ĐẠT") -> ĐẠT | Z12: =IF(OR(L12<>"Tháng",S12="ALL"),"ĐẠT",IF(S12=H12,"ĐẠT","LỆCH")) -> ĐẠT | AA12: =IF(LEN(E12)=0,"ĐẠT",IF(E12>=D12,"ĐẠT","LỆCH")) -> ĐẠT | AB12: =IF(LEN(E12)=0,IF(AND(INDEX(THE_XE!$D$2:$D$1000,MATCH(B12,THE_XE!$A$2:$A$1000,0))="Hoạt động",OR(L12<>"Tháng",IFERROR(INDEX(VE_THANG!$H$2:$H$1000,MATCH(B12,VE_THANG!$B$2:$B$1000,0)),"")<>"Hết hạn")),"ĐẠT","LỆCH"),"ĐẠT") -> ĐẠT | AC12: =IF(U12="","ĐẠT","LỆCH") -> ĐẠT
A13: 12 | B13: THE0007 | C13: 59E-555.66 | D13: =IF(LEN(K13)>0,ThoiDiemNap-K13/1440,I13) -> 46296.41 | E13: =IF(LEN(J13)>0,J13,"") | F13: Q3_XM_02 | G13: =IF(LEN(E13)=0,0,R13) -> 0 | H13: BAI_Q3 | K13: 60 | L13: =INDEX(THE_XE!$C$2:$C$1000,MATCH(B13,THE_XE!$A$2:$A$1000,0)) -> Lượt | M13: =INDEX(VI_TRI_DO!$D$2:$D$1000,MATCH(F13,VI_TRI_DO!$A$2:$A$1000,0)) -> XM | N13: =SUMIFS(LOAI_XE!$D$2:$D$1000,LOAI_XE!$A$2:$A$1000,M13,LOAI_XE!$B$2:$B$1000,H13) -> 5000 | O13: =IF(LEN(E13)=0,ThoiDiemTinh,E13) -> 46296.451 | P13: =INT(O13*1440+0.000001)-INT(D13*1440+0.000001) -> 60 | Q13: =IF(P13<=PhutMienPhi,0,CEILING(P13/PhutMoiBlock,1)) -> 1 | R13: =IF(L13="Tháng",0,Q13*N13) -> 5000 | S13: =IFERROR(INDEX(VE_THANG!$I$2:$I$1000,MATCH(B13,VE_THANG!$B$2:$B$1000,0)),"") | T13: =IFERROR(INDEX(VE_THANG!$D$2:$D$1000,MATCH(B13,VE_THANG!$B$2:$B$1000,0)),"") | U13: =IF(AND(T13<>"",T13<>C13),"LỆCH BIỂN SỐ","") | V13: =IF(A13=ROW()-1,"ĐẠT","LỆCH") -> ĐẠT | W13: =IF(AND(SUMPRODUCT(--(THE_XE!$A$2:$A$1000=B13))>0,SUMPRODUCT(--(VI_TRI_DO!$A$2:$A$1000=F13))>0,SUMPRODUCT(--(BAI_DO_XE!$A$2:$A$1000=H13))>0),"ĐẠT","LỆCH") -> ĐẠT | X13: =IF(INDEX(VI_TRI_DO!$E$2:$E$1000,MATCH(F13,VI_TRI_DO!$A$2:$A$1000,0))=H13,"ĐẠT","LỆCH") -> ĐẠT | Y13: =IF(L13="Lượt",IF(INDEX(THE_XE!$B$2:$B$1000,MATCH(B13,THE_XE!$A$2:$A$1000,0))=H13,"ĐẠT","LỆCH"),"ĐẠT") -> ĐẠT | Z13: =IF(OR(L13<>"Tháng",S13="ALL"),"ĐẠT",IF(S13=H13,"ĐẠT","LỆCH")) -> ĐẠT | AA13: =IF(LEN(E13)=0,"ĐẠT",IF(E13>=D13,"ĐẠT","LỆCH")) -> ĐẠT | AB13: =IF(LEN(E13)=0,IF(AND(INDEX(THE_XE!$D$2:$D$1000,MATCH(B13,THE_XE!$A$2:$A$1000,0))="Hoạt động",OR(L13<>"Tháng",IFERROR(INDEX(VE_THANG!$H$2:$H$1000,MATCH(B13,VE_THANG!$B$2:$B$1000,0)),"")<>"Hết hạn")),"ĐẠT","LỆCH"),"ĐẠT") -> ĐẠT | AC13: =IF(U13="","ĐẠT","LỆCH") -> ĐẠT
A14: 13 | B14: THE0013 | C14: 51A-777.88 | D14: =IF(LEN(K14)>0,ThoiDiemNap-K14/1440,I14) -> 46296.326 | E14: =IF(LEN(J14)>0,J14,"") | F14: BT_OT_01 | G14: =IF(LEN(E14)=0,0,R14) -> 0 | H14: BAI_BT | K14: 180 | L14: =INDEX(THE_XE!$C$2:$C$1000,MATCH(B14,THE_XE!$A$2:$A$1000,0)) -> Lượt | M14: =INDEX(VI_TRI_DO!$D$2:$D$1000,MATCH(F14,VI_TRI_DO!$A$2:$A$1000,0)) -> OT | N14: =SUMIFS(LOAI_XE!$D$2:$D$1000,LOAI_XE!$A$2:$A$1000,M14,LOAI_XE!$B$2:$B$1000,H14) -> 30000 | O14: =IF(LEN(E14)=0,ThoiDiemTinh,E14) -> 46296.451 | P14: =INT(O14*1440+0.000001)-INT(D14*1440+0.000001) -> 180 | Q14: =IF(P14<=PhutMienPhi,0,CEILING(P14/PhutMoiBlock,1)) -> 3 | R14: =IF(L14="Tháng",0,Q14*N14) -> 90000 | S14: =IFERROR(INDEX(VE_THANG!$I$2:$I$1000,MATCH(B14,VE_THANG!$B$2:$B$1000,0)),"") | T14: =IFERROR(INDEX(VE_THANG!$D$2:$D$1000,MATCH(B14,VE_THANG!$B$2:$B$1000,0)),"") | U14: =IF(AND(T14<>"",T14<>C14),"LỆCH BIỂN SỐ","") | V14: =IF(A14=ROW()-1,"ĐẠT","LỆCH") -> ĐẠT | W14: =IF(AND(SUMPRODUCT(--(THE_XE!$A$2:$A$1000=B14))>0,SUMPRODUCT(--(VI_TRI_DO!$A$2:$A$1000=F14))>0,SUMPRODUCT(--(BAI_DO_XE!$A$2:$A$1000=H14))>0),"ĐẠT","LỆCH") -> ĐẠT | X14: =IF(INDEX(VI_TRI_DO!$E$2:$E$1000,MATCH(F14,VI_TRI_DO!$A$2:$A$1000,0))=H14,"ĐẠT","LỆCH") -> ĐẠT | Y14: =IF(L14="Lượt",IF(INDEX(THE_XE!$B$2:$B$1000,MATCH(B14,THE_XE!$A$2:$A$1000,0))=H14,"ĐẠT","LỆCH"),"ĐẠT") -> ĐẠT | Z14: =IF(OR(L14<>"Tháng",S14="ALL"),"ĐẠT",IF(S14=H14,"ĐẠT","LỆCH")) -> ĐẠT | AA14: =IF(LEN(E14)=0,"ĐẠT",IF(E14>=D14,"ĐẠT","LỆCH")) -> ĐẠT | AB14: =IF(LEN(E14)=0,IF(AND(INDEX(THE_XE!$D$2:$D$1000,MATCH(B14,THE_XE!$A$2:$A$1000,0))="Hoạt động",OR(L14<>"Tháng",IFERROR(INDEX(VE_THANG!$H$2:$H$1000,MATCH(B14,VE_THANG!$B$2:$B$1000,0)),"")<>"Hết hạn")),"ĐẠT","LỆCH"),"ĐẠT") -> ĐẠT | AC14: =IF(U14="","ĐẠT","LỆCH") -> ĐẠT
A15: 14 | B15: THE0016 | C15: 59D-678.12 | D15: =IF(LEN(K15)>0,ThoiDiemNap-K15/1440,I15) -> 46296.389 | E15: =IF(LEN(J15)>0,J15,"") | F15: TB_XM_02 | G15: =IF(LEN(E15)=0,0,R15) -> 0 | H15: BAI_TB | K15: 90 | L15: =INDEX(THE_XE!$C$2:$C$1000,MATCH(B15,THE_XE!$A$2:$A$1000,0)) -> Lượt | M15: =INDEX(VI_TRI_DO!$D$2:$D$1000,MATCH(F15,VI_TRI_DO!$A$2:$A$1000,0)) -> XM | N15: =SUMIFS(LOAI_XE!$D$2:$D$1000,LOAI_XE!$A$2:$A$1000,M15,LOAI_XE!$B$2:$B$1000,H15) -> 5000 | O15: =IF(LEN(E15)=0,ThoiDiemTinh,E15) -> 46296.451 | P15: =INT(O15*1440+0.000001)-INT(D15*1440+0.000001) -> 90 | Q15: =IF(P15<=PhutMienPhi,0,CEILING(P15/PhutMoiBlock,1)) -> 2 | R15: =IF(L15="Tháng",0,Q15*N15) -> 10000 | S15: =IFERROR(INDEX(VE_THANG!$I$2:$I$1000,MATCH(B15,VE_THANG!$B$2:$B$1000,0)),"") | T15: =IFERROR(INDEX(VE_THANG!$D$2:$D$1000,MATCH(B15,VE_THANG!$B$2:$B$1000,0)),"") | U15: =IF(AND(T15<>"",T15<>C15),"LỆCH BIỂN SỐ","") | V15: =IF(A15=ROW()-1,"ĐẠT","LỆCH") -> ĐẠT | W15: =IF(AND(SUMPRODUCT(--(THE_XE!$A$2:$A$1000=B15))>0,SUMPRODUCT(--(VI_TRI_DO!$A$2:$A$1000=F15))>0,SUMPRODUCT(--(BAI_DO_XE!$A$2:$A$1000=H15))>0),"ĐẠT","LỆCH") -> ĐẠT | X15: =IF(INDEX(VI_TRI_DO!$E$2:$E$1000,MATCH(F15,VI_TRI_DO!$A$2:$A$1000,0))=H15,"ĐẠT","LỆCH") -> ĐẠT | Y15: =IF(L15="Lượt",IF(INDEX(THE_XE!$B$2:$B$1000,MATCH(B15,THE_XE!$A$2:$A$1000,0))=H15,"ĐẠT","LỆCH"),"ĐẠT") -> ĐẠT | Z15: =IF(OR(L15<>"Tháng",S15="ALL"),"ĐẠT",IF(S15=H15,"ĐẠT","LỆCH")) -> ĐẠT | AA15: =IF(LEN(E15)=0,"ĐẠT",IF(E15>=D15,"ĐẠT","LỆCH")) -> ĐẠT | AB15: =IF(LEN(E15)=0,IF(AND(INDEX(THE_XE!$D$2:$D$1000,MATCH(B15,THE_XE!$A$2:$A$1000,0))="Hoạt động",OR(L15<>"Tháng",IFERROR(INDEX(VE_THANG!$H$2:$H$1000,MATCH(B15,VE_THANG!$B$2:$B$1000,0)),"")<>"Hết hạn")),"ĐẠT","LỆCH"),"ĐẠT") -> ĐẠT | AC15: =IF(U15="","ĐẠT","LỆCH") -> ĐẠT
A16: 15 | B16: THE0019 | C16: 59P-357.91 | D16: =IF(LEN(K16)>0,ThoiDiemNap-K16/1440,I16) -> 46296.243 | E16: =IF(LEN(J16)>0,J16,"") | F16: TB_XM_03 | G16: =IF(LEN(E16)=0,0,R16) -> 0 | H16: BAI_TB | K16: 300 | L16: =INDEX(THE_XE!$C$2:$C$1000,MATCH(B16,THE_XE!$A$2:$A$1000,0)) -> Tháng | M16: =INDEX(VI_TRI_DO!$D$2:$D$1000,MATCH(F16,VI_TRI_DO!$A$2:$A$1000,0)) -> XM | N16: =SUMIFS(LOAI_XE!$D$2:$D$1000,LOAI_XE!$A$2:$A$1000,M16,LOAI_XE!$B$2:$B$1000,H16) -> 5000 | O16: =IF(LEN(E16)=0,ThoiDiemTinh,E16) -> 46296.451 | P16: =INT(O16*1440+0.000001)-INT(D16*1440+0.000001) -> 300 | Q16: =IF(P16<=PhutMienPhi,0,CEILING(P16/PhutMoiBlock,1)) -> 5 | R16: =IF(L16="Tháng",0,Q16*N16) -> 0 | S16: =IFERROR(INDEX(VE_THANG!$I$2:$I$1000,MATCH(B16,VE_THANG!$B$2:$B$1000,0)),"") -> BAI_TB | T16: =IFERROR(INDEX(VE_THANG!$D$2:$D$1000,MATCH(B16,VE_THANG!$B$2:$B$1000,0)),"") -> 59P-357.91 | U16: =IF(AND(T16<>"",T16<>C16),"LỆCH BIỂN SỐ","") | V16: =IF(A16=ROW()-1,"ĐẠT","LỆCH") -> ĐẠT | W16: =IF(AND(SUMPRODUCT(--(THE_XE!$A$2:$A$1000=B16))>0,SUMPRODUCT(--(VI_TRI_DO!$A$2:$A$1000=F16))>0,SUMPRODUCT(--(BAI_DO_XE!$A$2:$A$1000=H16))>0),"ĐẠT","LỆCH") -> ĐẠT | X16: =IF(INDEX(VI_TRI_DO!$E$2:$E$1000,MATCH(F16,VI_TRI_DO!$A$2:$A$1000,0))=H16,"ĐẠT","LỆCH") -> ĐẠT | Y16: =IF(L16="Lượt",IF(INDEX(THE_XE!$B$2:$B$1000,MATCH(B16,THE_XE!$A$2:$A$1000,0))=H16,"ĐẠT","LỆCH"),"ĐẠT") -> ĐẠT | Z16: =IF(OR(L16<>"Tháng",S16="ALL"),"ĐẠT",IF(S16=H16,"ĐẠT","LỆCH")) -> ĐẠT | AA16: =IF(LEN(E16)=0,"ĐẠT",IF(E16>=D16,"ĐẠT","LỆCH")) -> ĐẠT | AB16: =IF(LEN(E16)=0,IF(AND(INDEX(THE_XE!$D$2:$D$1000,MATCH(B16,THE_XE!$A$2:$A$1000,0))="Hoạt động",OR(L16<>"Tháng",IFERROR(INDEX(VE_THANG!$H$2:$H$1000,MATCH(B16,VE_THANG!$B$2:$B$1000,0)),"")<>"Hết hạn")),"ĐẠT","LỆCH"),"ĐẠT") -> ĐẠT | AC16: =IF(U16="","ĐẠT","LỆCH") -> ĐẠT
A17: 16 | B17: THE0018 | C17: 51G-468.02 | D17: =IF(LEN(K17)>0,ThoiDiemNap-K17/1440,I17) -> 46296.368 | E17: =IF(LEN(J17)>0,J17,"") | F17: TB_OT_01 | G17: =IF(LEN(E17)=0,0,R17) -> 0 | H17: BAI_TB | K17: 120 | L17: =INDEX(THE_XE!$C$2:$C$1000,MATCH(B17,THE_XE!$A$2:$A$1000,0)) -> Lượt | M17: =INDEX(VI_TRI_DO!$D$2:$D$1000,MATCH(F17,VI_TRI_DO!$A$2:$A$1000,0)) -> OT | N17: =SUMIFS(LOAI_XE!$D$2:$D$1000,LOAI_XE!$A$2:$A$1000,M17,LOAI_XE!$B$2:$B$1000,H17) -> 25000 | O17: =IF(LEN(E17)=0,ThoiDiemTinh,E17) -> 46296.451 | P17: =INT(O17*1440+0.000001)-INT(D17*1440+0.000001) -> 120 | Q17: =IF(P17<=PhutMienPhi,0,CEILING(P17/PhutMoiBlock,1)) -> 2 | R17: =IF(L17="Tháng",0,Q17*N17) -> 50000 | S17: =IFERROR(INDEX(VE_THANG!$I$2:$I$1000,MATCH(B17,VE_THANG!$B$2:$B$1000,0)),"") | T17: =IFERROR(INDEX(VE_THANG!$D$2:$D$1000,MATCH(B17,VE_THANG!$B$2:$B$1000,0)),"") | U17: =IF(AND(T17<>"",T17<>C17),"LỆCH BIỂN SỐ","") | V17: =IF(A17=ROW()-1,"ĐẠT","LỆCH") -> ĐẠT | W17: =IF(AND(SUMPRODUCT(--(THE_XE!$A$2:$A$1000=B17))>0,SUMPRODUCT(--(VI_TRI_DO!$A$2:$A$1000=F17))>0,SUMPRODUCT(--(BAI_DO_XE!$A$2:$A$1000=H17))>0),"ĐẠT","LỆCH") -> ĐẠT | X17: =IF(INDEX(VI_TRI_DO!$E$2:$E$1000,MATCH(F17,VI_TRI_DO!$A$2:$A$1000,0))=H17,"ĐẠT","LỆCH") -> ĐẠT | Y17: =IF(L17="Lượt",IF(INDEX(THE_XE!$B$2:$B$1000,MATCH(B17,THE_XE!$A$2:$A$1000,0))=H17,"ĐẠT","LỆCH"),"ĐẠT") -> ĐẠT | Z17: =IF(OR(L17<>"Tháng",S17="ALL"),"ĐẠT",IF(S17=H17,"ĐẠT","LỆCH")) -> ĐẠT | AA17: =IF(LEN(E17)=0,"ĐẠT",IF(E17>=D17,"ĐẠT","LỆCH")) -> ĐẠT | AB17: =IF(LEN(E17)=0,IF(AND(INDEX(THE_XE!$D$2:$D$1000,MATCH(B17,THE_XE!$A$2:$A$1000,0))="Hoạt động",OR(L17<>"Tháng",IFERROR(INDEX(VE_THANG!$H$2:$H$1000,MATCH(B17,VE_THANG!$B$2:$B$1000,0)),"")<>"Hết hạn")),"ĐẠT","LỆCH"),"ĐẠT") -> ĐẠT | AC17: =IF(U17="","ĐẠT","LỆCH") -> ĐẠT
A18: 17 | B18: THE0024 | C18: 51L-802.46 | D18: =IF(LEN(K18)>0,ThoiDiemNap-K18/1440,I18) -> 46296.201 | E18: =IF(LEN(J18)>0,J18,"") | F18: Q7_OT_01 | G18: =IF(LEN(E18)=0,0,R18) -> 0 | H18: BAI_Q7 | K18: 360 | L18: =INDEX(THE_XE!$C$2:$C$1000,MATCH(B18,THE_XE!$A$2:$A$1000,0)) -> Tháng | M18: =INDEX(VI_TRI_DO!$D$2:$D$1000,MATCH(F18,VI_TRI_DO!$A$2:$A$1000,0)) -> OT | N18: =SUMIFS(LOAI_XE!$D$2:$D$1000,LOAI_XE!$A$2:$A$1000,M18,LOAI_XE!$B$2:$B$1000,H18) -> 20000 | O18: =IF(LEN(E18)=0,ThoiDiemTinh,E18) -> 46296.451 | P18: =INT(O18*1440+0.000001)-INT(D18*1440+0.000001) -> 360 | Q18: =IF(P18<=PhutMienPhi,0,CEILING(P18/PhutMoiBlock,1)) -> 6 | R18: =IF(L18="Tháng",0,Q18*N18) -> 0 | S18: =IFERROR(INDEX(VE_THANG!$I$2:$I$1000,MATCH(B18,VE_THANG!$B$2:$B$1000,0)),"") -> BAI_Q7 | T18: =IFERROR(INDEX(VE_THANG!$D$2:$D$1000,MATCH(B18,VE_THANG!$B$2:$B$1000,0)),"") -> 51L-802.46 | U18: =IF(AND(T18<>"",T18<>C18),"LỆCH BIỂN SỐ","") | V18: =IF(A18=ROW()-1,"ĐẠT","LỆCH") -> ĐẠT | W18: =IF(AND(SUMPRODUCT(--(THE_XE!$A$2:$A$1000=B18))>0,SUMPRODUCT(--(VI_TRI_DO!$A$2:$A$1000=F18))>0,SUMPRODUCT(--(BAI_DO_XE!$A$2:$A$1000=H18))>0),"ĐẠT","LỆCH") -> ĐẠT | X18: =IF(INDEX(VI_TRI_DO!$E$2:$E$1000,MATCH(F18,VI_TRI_DO!$A$2:$A$1000,0))=H18,"ĐẠT","LỆCH") -> ĐẠT | Y18: =IF(L18="Lượt",IF(INDEX(THE_XE!$B$2:$B$1000,MATCH(B18,THE_XE!$A$2:$A$1000,0))=H18,"ĐẠT","LỆCH"),"ĐẠT") -> ĐẠT | Z18: =IF(OR(L18<>"Tháng",S18="ALL"),"ĐẠT",IF(S18=H18,"ĐẠT","LỆCH")) -> ĐẠT | AA18: =IF(LEN(E18)=0,"ĐẠT",IF(E18>=D18,"ĐẠT","LỆCH")) -> ĐẠT | AB18: =IF(LEN(E18)=0,IF(AND(INDEX(THE_XE!$D$2:$D$1000,MATCH(B18,THE_XE!$A$2:$A$1000,0))="Hoạt động",OR(L18<>"Tháng",IFERROR(INDEX(VE_THANG!$H$2:$H$1000,MATCH(B18,VE_THANG!$B$2:$B$1000,0)),"")<>"Hết hạn")),"ĐẠT","LỆCH"),"ĐẠT") -> ĐẠT | AC18: =IF(U18="","ĐẠT","LỆCH") -> ĐẠT
A19: 18 | B19: THE0021 | C19: 59T-579.13 | D19: =IF(LEN(K19)>0,ThoiDiemNap-K19/1440,I19) -> 46296.41 | E19: =IF(LEN(J19)>0,J19,"") | F19: Q7_XM_01 | G19: =IF(LEN(E19)=0,0,R19) -> 0 | H19: BAI_Q7 | K19: 60 | L19: =INDEX(THE_XE!$C$2:$C$1000,MATCH(B19,THE_XE!$A$2:$A$1000,0)) -> Lượt | M19: =INDEX(VI_TRI_DO!$D$2:$D$1000,MATCH(F19,VI_TRI_DO!$A$2:$A$1000,0)) -> XM | N19: =SUMIFS(LOAI_XE!$D$2:$D$1000,LOAI_XE!$A$2:$A$1000,M19,LOAI_XE!$B$2:$B$1000,H19) -> 5000 | O19: =IF(LEN(E19)=0,ThoiDiemTinh,E19) -> 46296.451 | P19: =INT(O19*1440+0.000001)-INT(D19*1440+0.000001) -> 60 | Q19: =IF(P19<=PhutMienPhi,0,CEILING(P19/PhutMoiBlock,1)) -> 1 | R19: =IF(L19="Tháng",0,Q19*N19) -> 5000 | S19: =IFERROR(INDEX(VE_THANG!$I$2:$I$1000,MATCH(B19,VE_THANG!$B$2:$B$1000,0)),"") | T19: =IFERROR(INDEX(VE_THANG!$D$2:$D$1000,MATCH(B19,VE_THANG!$B$2:$B$1000,0)),"") | U19: =IF(AND(T19<>"",T19<>C19),"LỆCH BIỂN SỐ","") | V19: =IF(A19=ROW()-1,"ĐẠT","LỆCH") -> ĐẠT | W19: =IF(AND(SUMPRODUCT(--(THE_XE!$A$2:$A$1000=B19))>0,SUMPRODUCT(--(VI_TRI_DO!$A$2:$A$1000=F19))>0,SUMPRODUCT(--(BAI_DO_XE!$A$2:$A$1000=H19))>0),"ĐẠT","LỆCH") -> ĐẠT | X19: =IF(INDEX(VI_TRI_DO!$E$2:$E$1000,MATCH(F19,VI_TRI_DO!$A$2:$A$1000,0))=H19,"ĐẠT","LỆCH") -> ĐẠT | Y19: =IF(L19="Lượt",IF(INDEX(THE_XE!$B$2:$B$1000,MATCH(B19,THE_XE!$A$2:$A$1000,0))=H19,"ĐẠT","LỆCH"),"ĐẠT") -> ĐẠT | Z19: =IF(OR(L19<>"Tháng",S19="ALL"),"ĐẠT",IF(S19=H19,"ĐẠT","LỆCH")) -> ĐẠT | AA19: =IF(LEN(E19)=0,"ĐẠT",IF(E19>=D19,"ĐẠT","LỆCH")) -> ĐẠT | AB19: =IF(LEN(E19)=0,IF(AND(INDEX(THE_XE!$D$2:$D$1000,MATCH(B19,THE_XE!$A$2:$A$1000,0))="Hoạt động",OR(L19<>"Tháng",IFERROR(INDEX(VE_THANG!$H$2:$H$1000,MATCH(B19,VE_THANG!$B$2:$B$1000,0)),"")<>"Hết hạn")),"ĐẠT","LỆCH"),"ĐẠT") -> ĐẠT | AC19: =IF(U19="","ĐẠT","LỆCH") -> ĐẠT

Sheet LICHSU_SU_CO
A1: MaSuCo | B1: MaThe | C1: BienSo | D1: ThoiGianSuCo | E1: MoTa | F1: TienPhat | G1: TrangThaiXuLy | H1: MaBai | I1: TienPhatKhac | J1: LaMatThe | K1: TenBai | L1: TrangThaiTheHienTai | M1: KT_MaSuCoTuTang | N1: KT_FK | O1: KT_TienPhatKhongAm | P1: KT_TheMatDaKhoa | Q1: KT_TheCungBai
A2: 1 | B2: THE0006 | C2: 59X-999.01 | D2: 46037.458 | E2: Khách hàng làm rơi thẻ xe tại quầy nước, lập biên bản báo mất thẻ chip | F2: =IF(J2="Có",PhatMatThe,I2) -> 50000 | G2: Đã giải quyết | H2: BAI_Q1 | J2: =IF(ISNUMBER(SEARCH("mất thẻ",E2)),"Có","") -> Có | K2: =INDEX(BAI_DO_XE!$B$2:$B$1000,MATCH(H2,BAI_DO_XE!$A$2:$A$1000,0)) -> Bãi xe Lê Lai - Bến Thành | L2: =IF(LEN(B2)=0,"",INDEX(THE_XE!$D$2:$D$1000,MATCH(B2,THE_XE!$A$2:$A$1000,0))) -> Mất | M2: =IF(A2=ROW()-1,"ĐẠT","LỆCH") -> ĐẠT | N2: =IF(AND(OR(LEN(B2)=0,SUMPRODUCT(--(THE_XE!$A$2:$A$1000=B2))>0),SUMPRODUCT(--(BAI_DO_XE!$A$2:$A$1000=H2))>0),"ĐẠT","LỆCH") -> ĐẠT | O2: =IF(F2>=0,"ĐẠT","LỆCH") -> ĐẠT | P2: =IF(J2="Có",IF(L2="Mất","ĐẠT","LỆCH"),"ĐẠT") -> ĐẠT | Q2: =IF(LEN(B2)=0,"ĐẠT",IF(INDEX(THE_XE!$B$2:$B$1000,MATCH(B2,THE_XE!$A$2:$A$1000,0))=H2,"ĐẠT","LỆCH")) -> ĐẠT
A3: 2 | C3: 51B-123.45 | D3: 46063.771 | E3: Va quẹt nhẹ gương chiếu hậu khi lùi xe vào ô đỗ Q3_OT_01 | F3: =IF(J3="Có",PhatMatThe,I3) -> 200000 | G3: Đã giải quyết | H3: BAI_Q3 | I3: 200000 | J3: =IF(ISNUMBER(SEARCH("mất thẻ",E3)),"Có","") | K3: =INDEX(BAI_DO_XE!$B$2:$B$1000,MATCH(H3,BAI_DO_XE!$A$2:$A$1000,0)) -> Bãi xe Hai Bà Trưng | L3: =IF(LEN(B3)=0,"",INDEX(THE_XE!$D$2:$D$1000,MATCH(B3,THE_XE!$A$2:$A$1000,0))) | M3: =IF(A3=ROW()-1,"ĐẠT","LỆCH") -> ĐẠT | N3: =IF(AND(OR(LEN(B3)=0,SUMPRODUCT(--(THE_XE!$A$2:$A$1000=B3))>0),SUMPRODUCT(--(BAI_DO_XE!$A$2:$A$1000=H3))>0),"ĐẠT","LỆCH") -> ĐẠT | O3: =IF(F3>=0,"ĐẠT","LỆCH") -> ĐẠT | P3: =IF(J3="Có",IF(L3="Mất","ĐẠT","LỆCH"),"ĐẠT") -> ĐẠT | Q3: =IF(LEN(B3)=0,"ĐẠT",IF(INDEX(THE_XE!$B$2:$B$1000,MATCH(B3,THE_XE!$A$2:$A$1000,0))=H3,"ĐẠT","LỆCH")) -> ĐẠT
A4: 3 | C4: 51F-135.79 | D4: 46272.42 | E4: Ô tô cọ quẹt trụ bê tông tại dốc lên Tầng 3, trầy sơn hông xe, đang chờ đối chiếu camera | F4: =IF(J4="Có",PhatMatThe,I4) -> 300000 | G4: Đang giải quyết | H4: BAI_TB | I4: 300000 | J4: =IF(ISNUMBER(SEARCH("mất thẻ",E4)),"Có","") | K4: =INDEX(BAI_DO_XE!$B$2:$B$1000,MATCH(H4,BAI_DO_XE!$A$2:$A$1000,0)) -> Bãi xe TCP Park - Sân bay Tân Sơn Nhất | L4: =IF(LEN(B4)=0,"",INDEX(THE_XE!$D$2:$D$1000,MATCH(B4,THE_XE!$A$2:$A$1000,0))) | M4: =IF(A4=ROW()-1,"ĐẠT","LỆCH") -> ĐẠT | N4: =IF(AND(OR(LEN(B4)=0,SUMPRODUCT(--(THE_XE!$A$2:$A$1000=B4))>0),SUMPRODUCT(--(BAI_DO_XE!$A$2:$A$1000=H4))>0),"ĐẠT","LỆCH") -> ĐẠT | O4: =IF(F4>=0,"ĐẠT","LỆCH") -> ĐẠT | P4: =IF(J4="Có",IF(L4="Mất","ĐẠT","LỆCH"),"ĐẠT") -> ĐẠT | Q4: =IF(LEN(B4)=0,"ĐẠT",IF(INDEX(THE_XE!$B$2:$B$1000,MATCH(B4,THE_XE!$A$2:$A$1000,0))=H4,"ĐẠT","LỆCH")) -> ĐẠT
A5: 4 | B5: THE0025 | D5: 46254.844 | E5: Khách hàng báo mất thẻ chip THE0025 (Loại: Lượt). Hệ thống tự động khóa thẻ và áp phí phạt đền bù thẻ vật lý. | F5: =IF(J5="Có",PhatMatThe,I5) -> 50000 | G5: Đã giải quyết | H5: BAI_Q7 | J5: =IF(ISNUMBER(SEARCH("mất thẻ",E5)),"Có","") -> Có | K5: =INDEX(BAI_DO_XE!$B$2:$B$1000,MATCH(H5,BAI_DO_XE!$A$2:$A$1000,0)) -> Bãi xe SC VivoCity | L5: =IF(LEN(B5)=0,"",INDEX(THE_XE!$D$2:$D$1000,MATCH(B5,THE_XE!$A$2:$A$1000,0))) -> Mất | M5: =IF(A5=ROW()-1,"ĐẠT","LỆCH") -> ĐẠT | N5: =IF(AND(OR(LEN(B5)=0,SUMPRODUCT(--(THE_XE!$A$2:$A$1000=B5))>0),SUMPRODUCT(--(BAI_DO_XE!$A$2:$A$1000=H5))>0),"ĐẠT","LỆCH") -> ĐẠT | O5: =IF(F5>=0,"ĐẠT","LỆCH") -> ĐẠT | P5: =IF(J5="Có",IF(L5="Mất","ĐẠT","LỆCH"),"ĐẠT") -> ĐẠT | Q5: =IF(LEN(B5)=0,"ĐẠT",IF(INDEX(THE_XE!$B$2:$B$1000,MATCH(B5,THE_XE!$A$2:$A$1000,0))=H5,"ĐẠT","LỆCH")) -> ĐẠT

Sheet BC_CongSuat
A1: MaBai | B1: TenBai | C1: SucChua | D1: SoLuongHienTai | E1: SoChoTrong | F1: TyLeLapDayPercent
A2: BAI_BT | B2: =INDEX(BAI_DO_XE!$B$2:$B$1000,MATCH($A2,BAI_DO_XE!$A$2:$A$1000,0)) -> Bãi xe Landmark 81 | C2: =INDEX(BAI_DO_XE!$D$2:$D$1000,MATCH($A2,BAI_DO_XE!$A$2:$A$1000,0)) -> 12 | D2: =INDEX(BAI_DO_XE!$E$2:$E$1000,MATCH($A2,BAI_DO_XE!$A$2:$A$1000,0)) -> 1 | E2: =C2-D2 -> 11 | F2: =ROUND(D2*100/C2,2) -> 8.33
A3: BAI_Q1 | B3: =INDEX(BAI_DO_XE!$B$2:$B$1000,MATCH($A3,BAI_DO_XE!$A$2:$A$1000,0)) -> Bãi xe Lê Lai - Bến Thành | C3: =INDEX(BAI_DO_XE!$D$2:$D$1000,MATCH($A3,BAI_DO_XE!$A$2:$A$1000,0)) -> 12 | D3: =INDEX(BAI_DO_XE!$E$2:$E$1000,MATCH($A3,BAI_DO_XE!$A$2:$A$1000,0)) -> 2 | E3: =C3-D3 -> 10 | F3: =ROUND(D3*100/C3,2) -> 16.67
A4: BAI_Q3 | B4: =INDEX(BAI_DO_XE!$B$2:$B$1000,MATCH($A4,BAI_DO_XE!$A$2:$A$1000,0)) -> Bãi xe Hai Bà Trưng | C4: =INDEX(BAI_DO_XE!$D$2:$D$1000,MATCH($A4,BAI_DO_XE!$A$2:$A$1000,0)) -> 10 | D4: =INDEX(BAI_DO_XE!$E$2:$E$1000,MATCH($A4,BAI_DO_XE!$A$2:$A$1000,0)) -> 1 | E4: =C4-D4 -> 9 | F4: =ROUND(D4*100/C4,2) -> 10
A5: BAI_Q7 | B5: =INDEX(BAI_DO_XE!$B$2:$B$1000,MATCH($A5,BAI_DO_XE!$A$2:$A$1000,0)) -> Bãi xe SC VivoCity | C5: =INDEX(BAI_DO_XE!$D$2:$D$1000,MATCH($A5,BAI_DO_XE!$A$2:$A$1000,0)) -> 12 | D5: =INDEX(BAI_DO_XE!$E$2:$E$1000,MATCH($A5,BAI_DO_XE!$A$2:$A$1000,0)) -> 2 | E5: =C5-D5 -> 10 | F5: =ROUND(D5*100/C5,2) -> 16.67
A6: BAI_TB | B6: =INDEX(BAI_DO_XE!$B$2:$B$1000,MATCH($A6,BAI_DO_XE!$A$2:$A$1000,0)) -> Bãi xe TCP Park - Sân bay Tân Sơn Nhất | C6: =INDEX(BAI_DO_XE!$D$2:$D$1000,MATCH($A6,BAI_DO_XE!$A$2:$A$1000,0)) -> 14 | D6: =INDEX(BAI_DO_XE!$E$2:$E$1000,MATCH($A6,BAI_DO_XE!$A$2:$A$1000,0)) -> 3 | E6: =C6-D6 -> 11 | F6: =ROUND(D6*100/C6,2) -> 21.43

Sheet BC_DoanhThu
A1: MaBai | B1: TenBai | C1: DoanhThuLuot | D1: DoanhThuThang | E1: TongDoanhThu | F1: DanhGiaHieuQua | G1: XepHang
A2: BAI_BT | B2: =INDEX(BAI_DO_XE!$B$2:$B$1000,MATCH($A2,BAI_DO_XE!$A$2:$A$1000,0)) -> Bãi xe Landmark 81 | C2: =INDEX(BAI_DO_XE!$H$2:$H$1000,MATCH($A2,BAI_DO_XE!$A$2:$A$1000,0)) -> 77000 | D2: =INDEX(BAI_DO_XE!$I$2:$I$1000,MATCH($A2,BAI_DO_XE!$A$2:$A$1000,0)) -> 28800000 | E2: =C2+D2 -> 28877000 | F2: =IF(E2>=NguongDoanhThuRatCao,"Hiệu quả rất cao (Doanh thu > 10 triệu)",IF(E2>=NguongDoanhThuTot,"Hiệu quả tốt","Cần đẩy mạnh khai thác thêm lượt gửi")) -> Hiệu quả rất cao (Doanh thu > 10 triệu) | G2: =RANK(E2,$E$2:$E$6,0) -> 1
A3: BAI_TB | B3: =INDEX(BAI_DO_XE!$B$2:$B$1000,MATCH($A3,BAI_DO_XE!$A$2:$A$1000,0)) -> Bãi xe TCP Park - Sân bay Tân Sơn Nhất | C3: =INDEX(BAI_DO_XE!$H$2:$H$1000,MATCH($A3,BAI_DO_XE!$A$2:$A$1000,0)) -> 165000 | D3: =INDEX(BAI_DO_XE!$I$2:$I$1000,MATCH($A3,BAI_DO_XE!$A$2:$A$1000,0)) -> 19400000 | E3: =C3+D3 -> 19565000 | F3: =IF(E3>=NguongDoanhThuRatCao,"Hiệu quả rất cao (Doanh thu > 10 triệu)",IF(E3>=NguongDoanhThuTot,"Hiệu quả tốt","Cần đẩy mạnh khai thác thêm lượt gửi")) -> Hiệu quả rất cao (Doanh thu > 10 triệu) | G3: =RANK(E3,$E$2:$E$6,0) -> 2
A4: BAI_Q1 | B4: =INDEX(BAI_DO_XE!$B$2:$B$1000,MATCH($A4,BAI_DO_XE!$A$2:$A$1000,0)) -> Bãi xe Lê Lai - Bến Thành | C4: =INDEX(BAI_DO_XE!$H$2:$H$1000,MATCH($A4,BAI_DO_XE!$A$2:$A$1000,0)) -> 174000 | D4: =INDEX(BAI_DO_XE!$I$2:$I$1000,MATCH($A4,BAI_DO_XE!$A$2:$A$1000,0)) -> 18360000 | E4: =C4+D4 -> 18534000 | F4: =IF(E4>=NguongDoanhThuRatCao,"Hiệu quả rất cao (Doanh thu > 10 triệu)",IF(E4>=NguongDoanhThuTot,"Hiệu quả tốt","Cần đẩy mạnh khai thác thêm lượt gửi")) -> Hiệu quả rất cao (Doanh thu > 10 triệu) | G4: =RANK(E4,$E$2:$E$6,0) -> 3
A5: BAI_Q3 | B5: =INDEX(BAI_DO_XE!$B$2:$B$1000,MATCH($A5,BAI_DO_XE!$A$2:$A$1000,0)) -> Bãi xe Hai Bà Trưng | C5: =INDEX(BAI_DO_XE!$H$2:$H$1000,MATCH($A5,BAI_DO_XE!$A$2:$A$1000,0)) -> 15000 | D5: =INDEX(BAI_DO_XE!$I$2:$I$1000,MATCH($A5,BAI_DO_XE!$A$2:$A$1000,0)) -> 15150000 | E5: =C5+D5 -> 15165000 | F5: =IF(E5>=NguongDoanhThuRatCao,"Hiệu quả rất cao (Doanh thu > 10 triệu)",IF(E5>=NguongDoanhThuTot,"Hiệu quả tốt","Cần đẩy mạnh khai thác thêm lượt gửi")) -> Hiệu quả rất cao (Doanh thu > 10 triệu) | G5: =RANK(E5,$E$2:$E$6,0) -> 4
A6: BAI_Q7 | B6: =INDEX(BAI_DO_XE!$B$2:$B$1000,MATCH($A6,BAI_DO_XE!$A$2:$A$1000,0)) -> Bãi xe SC VivoCity | C6: =INDEX(BAI_DO_XE!$H$2:$H$1000,MATCH($A6,BAI_DO_XE!$A$2:$A$1000,0)) -> 20000 | D6: =INDEX(BAI_DO_XE!$I$2:$I$1000,MATCH($A6,BAI_DO_XE!$A$2:$A$1000,0)) -> 11220000 | E6: =C6+D6 -> 11240000 | F6: =IF(E6>=NguongDoanhThuRatCao,"Hiệu quả rất cao (Doanh thu > 10 triệu)",IF(E6>=NguongDoanhThuTot,"Hiệu quả tốt","Cần đẩy mạnh khai thác thêm lượt gửi")) -> Hiệu quả rất cao (Doanh thu > 10 triệu) | G6: =RANK(E6,$E$2:$E$6,0) -> 5

Sheet BC_VeThang
A1: MaVe | B1: MaThe | C1: HoTenKhachHang | D1: BienSo | E1: MaBaiApDung | F1: NgayHetHan | G1: SoNgayConLai | H1: HanhDongCursor | I1: TrongBaoCaoSapHetHan
A2: V0003 | B2: =INDEX(VE_THANG!$B$2:$B$1000,MATCH($A2,VE_THANG!$A$2:$A$1000,0)) -> THE0008 | C2: =INDEX(VE_THANG!$L$2:$L$1000,MATCH($A2,VE_THANG!$A$2:$A$1000,0)) -> Lê Hoàng Long | D2: =INDEX(VE_THANG!$D$2:$D$1000,MATCH($A2,VE_THANG!$A$2:$A$1000,0)) -> 59B-456.78 | E2: =INDEX(VE_THANG!$I$2:$I$1000,MATCH($A2,VE_THANG!$A$2:$A$1000,0)) -> BAI_Q3 | F2: =INDEX(VE_THANG!$G$2:$G$1000,MATCH($A2,VE_THANG!$A$2:$A$1000,0)) -> 46056 | G2: =INDEX(VE_THANG!$N$2:$N$1000,MATCH($A2,VE_THANG!$A$2:$A$1000,0)) -> -240 | H2: =INDEX(VE_THANG!$O$2:$O$1000,MATCH($A2,VE_THANG!$A$2:$A$1000,0)) -> ĐÃ QUÁ HẠN: Tự động khóa thẻ và đổi trạng thái hết hạn | I2: =INDEX(VE_THANG!$P$2:$P$1000,MATCH($A2,VE_THANG!$A$2:$A$1000,0)) -> Có
A3: V0008 | B3: =INDEX(VE_THANG!$B$2:$B$1000,MATCH($A3,VE_THANG!$A$2:$A$1000,0)) -> THE0022 | C3: =INDEX(VE_THANG!$L$2:$L$1000,MATCH($A3,VE_THANG!$A$2:$A$1000,0)) -> Châu Minh Khang | D3: =INDEX(VE_THANG!$D$2:$D$1000,MATCH($A3,VE_THANG!$A$2:$A$1000,0)) -> 59N-147.25 | E3: =INDEX(VE_THANG!$I$2:$I$1000,MATCH($A3,VE_THANG!$A$2:$A$1000,0)) -> BAI_Q7 | F3: =INDEX(VE_THANG!$G$2:$G$1000,MATCH($A3,VE_THANG!$A$2:$A$1000,0)) -> 46218 | G3: =INDEX(VE_THANG!$N$2:$N$1000,MATCH($A3,VE_THANG!$A$2:$A$1000,0)) -> -78 | H3: =INDEX(VE_THANG!$O$2:$O$1000,MATCH($A3,VE_THANG!$A$2:$A$1000,0)) -> ĐÃ QUÁ HẠN: Tự động khóa thẻ và đổi trạng thái hết hạn | I3: =INDEX(VE_THANG!$P$2:$P$1000,MATCH($A3,VE_THANG!$A$2:$A$1000,0)) -> Có
A4: V0007 | B4: =INDEX(VE_THANG!$B$2:$B$1000,MATCH($A4,VE_THANG!$A$2:$A$1000,0)) -> THE0019 | C4: =INDEX(VE_THANG!$L$2:$L$1000,MATCH($A4,VE_THANG!$A$2:$A$1000,0)) -> Lý Ngọc Hân | D4: =INDEX(VE_THANG!$D$2:$D$1000,MATCH($A4,VE_THANG!$A$2:$A$1000,0)) -> 59P-357.91 | E4: =INDEX(VE_THANG!$I$2:$I$1000,MATCH($A4,VE_THANG!$A$2:$A$1000,0)) -> BAI_TB | F4: =INDEX(VE_THANG!$G$2:$G$1000,MATCH($A4,VE_THANG!$A$2:$A$1000,0)) -> 46298 | G4: =INDEX(VE_THANG!$N$2:$N$1000,MATCH($A4,VE_THANG!$A$2:$A$1000,0)) -> 2 | H4: =INDEX(VE_THANG!$O$2:$O$1000,MATCH($A4,VE_THANG!$A$2:$A$1000,0)) -> CẢNH BÁO: Sắp hết hạn trong 2 ngày. Gửi SMS/Email nhắc nộp phí. | I4: =INDEX(VE_THANG!$P$2:$P$1000,MATCH($A4,VE_THANG!$A$2:$A$1000,0)) -> Có
A5: V0002 | B5: =INDEX(VE_THANG!$B$2:$B$1000,MATCH($A5,VE_THANG!$A$2:$A$1000,0)) -> THE0004 | C5: =INDEX(VE_THANG!$L$2:$L$1000,MATCH($A5,VE_THANG!$A$2:$A$1000,0)) -> Trần Thị Mai | D5: =INDEX(VE_THANG!$D$2:$D$1000,MATCH($A5,VE_THANG!$A$2:$A$1000,0)) -> 51G-888.99 | E5: =INDEX(VE_THANG!$I$2:$I$1000,MATCH($A5,VE_THANG!$A$2:$A$1000,0)) -> BAI_Q1 | F5: =INDEX(VE_THANG!$G$2:$G$1000,MATCH($A5,VE_THANG!$A$2:$A$1000,0)) -> 46305 | G5: =INDEX(VE_THANG!$N$2:$N$1000,MATCH($A5,VE_THANG!$A$2:$A$1000,0)) -> 9 | H5: =INDEX(VE_THANG!$O$2:$O$1000,MATCH($A5,VE_THANG!$A$2:$A$1000,0)) -> Còn hạn an toàn | I5: =INDEX(VE_THANG!$P$2:$P$1000,MATCH($A5,VE_THANG!$A$2:$A$1000,0))
A6: V0004 | B6: =INDEX(VE_THANG!$B$2:$B$1000,MATCH($A6,VE_THANG!$A$2:$A$1000,0)) -> THE0010 | C6: =INDEX(VE_THANG!$L$2:$L$1000,MATCH($A6,VE_THANG!$A$2:$A$1000,0)) -> Phạm Thu Trang | D6: =INDEX(VE_THANG!$D$2:$D$1000,MATCH($A6,VE_THANG!$A$2:$A$1000,0)) -> 51H-999.11 | E6: =INDEX(VE_THANG!$I$2:$I$1000,MATCH($A6,VE_THANG!$A$2:$A$1000,0)) -> ALL | F6: =INDEX(VE_THANG!$G$2:$G$1000,MATCH($A6,VE_THANG!$A$2:$A$1000,0)) -> 46334 | G6: =INDEX(VE_THANG!$N$2:$N$1000,MATCH($A6,VE_THANG!$A$2:$A$1000,0)) -> 38 | H6: =INDEX(VE_THANG!$O$2:$O$1000,MATCH($A6,VE_THANG!$A$2:$A$1000,0)) -> Còn hạn an toàn | I6: =INDEX(VE_THANG!$P$2:$P$1000,MATCH($A6,VE_THANG!$A$2:$A$1000,0))
A7: V0009 | B7: =INDEX(VE_THANG!$B$2:$B$1000,MATCH($A7,VE_THANG!$A$2:$A$1000,0)) -> THE0024 | C7: =INDEX(VE_THANG!$L$2:$L$1000,MATCH($A7,VE_THANG!$A$2:$A$1000,0)) -> Tạ Thị Kim Oanh | D7: =INDEX(VE_THANG!$D$2:$D$1000,MATCH($A7,VE_THANG!$A$2:$A$1000,0)) -> 51L-802.46 | E7: =INDEX(VE_THANG!$I$2:$I$1000,MATCH($A7,VE_THANG!$A$2:$A$1000,0)) -> BAI_Q7 | F7: =INDEX(VE_THANG!$G$2:$G$1000,MATCH($A7,VE_THANG!$A$2:$A$1000,0)) -> 46357 | G7: =INDEX(VE_THANG!$N$2:$N$1000,MATCH($A7,VE_THANG!$A$2:$A$1000,0)) -> 61 | H7: =INDEX(VE_THANG!$O$2:$O$1000,MATCH($A7,VE_THANG!$A$2:$A$1000,0)) -> Còn hạn an toàn | I7: =INDEX(VE_THANG!$P$2:$P$1000,MATCH($A7,VE_THANG!$A$2:$A$1000,0))
A8: V0001 | B8: =INDEX(VE_THANG!$B$2:$B$1000,MATCH($A8,VE_THANG!$A$2:$A$1000,0)) -> THE0002 | C8: =INDEX(VE_THANG!$L$2:$L$1000,MATCH($A8,VE_THANG!$A$2:$A$1000,0)) -> Nguyễn Văn An | D8: =INDEX(VE_THANG!$D$2:$D$1000,MATCH($A8,VE_THANG!$A$2:$A$1000,0)) -> 59A-123.45 | E8: =INDEX(VE_THANG!$I$2:$I$1000,MATCH($A8,VE_THANG!$A$2:$A$1000,0)) -> BAI_Q1 | F8: =INDEX(VE_THANG!$G$2:$G$1000,MATCH($A8,VE_THANG!$A$2:$A$1000,0)) -> 46388 | G8: =INDEX(VE_THANG!$N$2:$N$1000,MATCH($A8,VE_THANG!$A$2:$A$1000,0)) -> 92 | H8: =INDEX(VE_THANG!$O$2:$O$1000,MATCH($A8,VE_THANG!$A$2:$A$1000,0)) -> Còn hạn an toàn | I8: =INDEX(VE_THANG!$P$2:$P$1000,MATCH($A8,VE_THANG!$A$2:$A$1000,0))
A9: V0005 | B9: =INDEX(VE_THANG!$B$2:$B$1000,MATCH($A9,VE_THANG!$A$2:$A$1000,0)) -> THE0012 | C9: =INDEX(VE_THANG!$L$2:$L$1000,MATCH($A9,VE_THANG!$A$2:$A$1000,0)) -> Võ Minh Quân | D9: =INDEX(VE_THANG!$D$2:$D$1000,MATCH($A9,VE_THANG!$A$2:$A$1000,0)) -> 59C-678.90 | E9: =INDEX(VE_THANG!$I$2:$I$1000,MATCH($A9,VE_THANG!$A$2:$A$1000,0)) -> BAI_BT | F9: =INDEX(VE_THANG!$G$2:$G$1000,MATCH($A9,VE_THANG!$A$2:$A$1000,0)) -> 46389 | G9: =INDEX(VE_THANG!$N$2:$N$1000,MATCH($A9,VE_THANG!$A$2:$A$1000,0)) -> 93 | H9: =INDEX(VE_THANG!$O$2:$O$1000,MATCH($A9,VE_THANG!$A$2:$A$1000,0)) -> Còn hạn an toàn | I9: =INDEX(VE_THANG!$P$2:$P$1000,MATCH($A9,VE_THANG!$A$2:$A$1000,0))
A10: V0010 | B10: =INDEX(VE_THANG!$B$2:$B$1000,MATCH($A10,VE_THANG!$A$2:$A$1000,0)) -> THE0014 | C10: =INDEX(VE_THANG!$L$2:$L$1000,MATCH($A10,VE_THANG!$A$2:$A$1000,0)) -> Phan Gia Huy | D10: =INDEX(VE_THANG!$D$2:$D$1000,MATCH($A10,VE_THANG!$A$2:$A$1000,0)) -> 51M-135.24 | E10: =INDEX(VE_THANG!$I$2:$I$1000,MATCH($A10,VE_THANG!$A$2:$A$1000,0)) -> BAI_BT | F10: =INDEX(VE_THANG!$G$2:$G$1000,MATCH($A10,VE_THANG!$A$2:$A$1000,0)) -> 46393 | G10: =INDEX(VE_THANG!$N$2:$N$1000,MATCH($A10,VE_THANG!$A$2:$A$1000,0)) -> 97 | H10: =INDEX(VE_THANG!$O$2:$O$1000,MATCH($A10,VE_THANG!$A$2:$A$1000,0)) -> Còn hạn an toàn | I10: =INDEX(VE_THANG!$P$2:$P$1000,MATCH($A10,VE_THANG!$A$2:$A$1000,0))
A11: V0006 | B11: =INDEX(VE_THANG!$B$2:$B$1000,MATCH($A11,VE_THANG!$A$2:$A$1000,0)) -> THE0017 | C11: =INDEX(VE_THANG!$L$2:$L$1000,MATCH($A11,VE_THANG!$A$2:$A$1000,0)) -> Đỗ Thanh Phong | D11: =INDEX(VE_THANG!$D$2:$D$1000,MATCH($A11,VE_THANG!$A$2:$A$1000,0)) -> 51K-246.80 | E11: =INDEX(VE_THANG!$I$2:$I$1000,MATCH($A11,VE_THANG!$A$2:$A$1000,0)) -> BAI_TB | F11: =INDEX(VE_THANG!$G$2:$G$1000,MATCH($A11,VE_THANG!$A$2:$A$1000,0)) -> 46447 | G11: =INDEX(VE_THANG!$N$2:$N$1000,MATCH($A11,VE_THANG!$A$2:$A$1000,0)) -> 151 | H11: =INDEX(VE_THANG!$O$2:$O$1000,MATCH($A11,VE_THANG!$A$2:$A$1000,0)) -> Còn hạn an toàn | I11: =INDEX(VE_THANG!$P$2:$P$1000,MATCH($A11,VE_THANG!$A$2:$A$1000,0))
